Rk,Player,Pos,Age,Tm,G,GS,MP,FG,FGA,FG%,3P,3PA,3P%,2P,2PA,2P%,eFG%,FT,FTA,FT%,ORB,DRB,TRB,AST,STL,BLK,TOV,PF,PS/G
43,Mike Bibby\bibbymi01,PG,30,ATL,79,79,34.7,5.5,12.7,0.435,2.1,5.4,0.39,3.4,7.3,0.468,0.518,1.7,2.2,0.789,0.5,3,3.5,5,1.2,0.1,1.6,1.8,14.9
84,Speedy Claxton\claxtsp01,PG,30,ATL,2,0,7.5,1,3.5,0.286,0,0,,1,3.5,0.286,0.286,0.5,1,0.5,0,0,0,1.5,0,0,0,0.5,2.5
126,Maurice Evans\evansma01,SF,30,ATL,80,25,23,2.6,6,0.432,1.2,3.1,0.395,1.4,2.9,0.47,0.533,0.8,0.9,0.822,1.1,1.9,3,0.7,0.6,0.1,0.5,2,7.2
143,Thomas Gardner\gardnth01,SG,23,ATL,16,0,6.1,0.6,2.3,0.25,0.3,1.4,0.174,0.3,0.8,0.385,0.306,0.1,0.3,0.5,0,0.4,0.4,0.1,0.3,0.1,0.2,0.3,1.5
189,Al Horford\horfoal01,C,22,ATL,67,67,33.5,4.7,8.9,0.525,0,0,0,4.7,8.9,0.526,0.525,2.2,3.1,0.727,2.2,7.1,9.3,2.4,0.8,1.4,1.5,2.8,11.5
197,Othello Hunter\hunteot01,PF,22,ATL,16,0,5.8,0.7,1.3,0.55,0,0,,0.7,1.3,0.55,0.55,0,0.3,0,0.6,0.9,1.5,0.1,0.1,0.3,0.1,0.7,1.4
220,Joe Johnson\johnsjo02,SG,27,ATL,79,79,39.5,7.8,18,0.437,1.9,5.2,0.36,6,12.7,0.468,0.489,3.8,4.6,0.826,0.8,3.6,4.4,5.8,1.1,0.2,2.5,2.2,21.4
228,Solomon Jones\jonesso01,C,24,ATL,63,0,10.7,1.1,1.8,0.604,0,0,0.5,1,1.7,0.606,0.608,0.8,1.2,0.716,0.8,1.4,2.3,0.2,0.1,0.5,0.4,2,3
242,Acie Law\lawac01,PG,24,ATL,55,1,10.2,0.9,2.5,0.374,0.2,0.5,0.31,0.8,2,0.391,0.406,0.9,1.1,0.817,0.1,0.9,1.1,1.6,0.2,0.1,0.5,0.8,2.9
288,Randolph Morris\morrira01,C,23,ATL,23,0,3.9,0.3,0.7,0.412,0,0,,0.3,0.7,0.412,0.412,0.2,0.2,1,0.2,0.7,0.9,0.1,0.1,0,0.3,1.1,0.8
292,Ronald Murray\murraro01,SG,29,ATL,80,2,24.7,4.4,9.9,0.447,1.1,3,0.36,3.4,6.9,0.485,0.501,2.2,2.9,0.76,0.3,1.8,2.1,2,1.1,0.2,1.6,2.2,12.2
314,Zaza Pachulia\pachuza01,C,24,ATL,77,26,19.1,2.1,4.2,0.497,0,0,0,2.1,4.1,0.502,0.497,2.1,3,0.709,2.2,3.4,5.7,0.7,0.5,0.3,1.2,2.7,6.2
372,Josh Smith\smithjo03,PF,23,ATL,69,69,35.1,6.1,12.3,0.492,0.4,1.3,0.299,5.7,11,0.514,0.508,3.1,5.2,0.588,1.9,5.3,7.2,2.4,1.4,1.6,2.3,2.7,15.6
421,Mario West\westma02,SG,24,ATL,53,3,5.1,0.3,0.6,0.412,0,0,1,0.2,0.6,0.394,0.426,0.3,0.6,0.467,0.5,0.6,1.1,0.4,0.3,0.1,0.2,0.7,0.8
432,Marvin Williams\willima02,SF,22,ATL,61,59,34.3,4.7,10.2,0.458,0.9,2.5,0.355,3.8,7.7,0.493,0.502,3.6,4.5,0.806,1.8,4.5,6.3,1.3,0.9,0.6,1.1,2.1,13.9
$10 ,Ray Allen*\allenra02,SG,$33 ,BOS,79,79,36.4,6.3,13.2,0.48,2.5,6.2,0.409,3.8,7,0.542,0.575,3,3.2,0.952,0.8,2.7,3.5,2.8,0.9,0.2,1.7,2,18.2
$11 ,Tony Allen\allento01,SG,$27 ,BOS,46,2,19.3,3,6.2,0.482,0.1,0.6,0.222,2.8,5.6,0.51,0.493,1.7,2.4,0.725,0.5,1.8,2.3,1.4,1.2,0.5,1.7,2.1,7.8
103,Glen Davis\davisgl01,C,23,BOS,76,16,21.5,2.6,5.9,0.442,0,0.1,0.4,2.6,5.9,0.443,0.444,1.7,2.3,0.73,1.6,2.4,4,0.9,0.7,0.3,0.9,3,7
144,Kevin Garnett\garneke01,PF,32,BOS,57,57,31.1,6.9,13,0.531,0,0.1,0.25,6.9,12.8,0.534,0.532,1.9,2.3,0.841,1.4,7.1,8.5,2.5,1.1,1.2,1.6,2.2,15.8
150,J.R. Giddens\giddejr01,SF,23,BOS,6,0,1.3,0.3,0.5,0.667,0,0,,0.3,0.5,0.667,0.667,0,0,,0.3,0.2,0.5,0,0.2,0,0.2,0.2,0.7
190,Eddie House\houseed01,PG,30,BOS,81,0,18.3,3.1,6.9,0.445,1.9,4.2,0.444,1.2,2.7,0.445,0.579,0.5,0.7,0.792,0.1,1.8,1.9,1.1,0.8,0.1,0.7,1.4,8.5
255,Stephon Marbury\marbust01,PG,31,BOS,23,4,18,1.7,4.8,0.342,0.3,1.1,0.24,1.4,3.7,0.372,0.369,0.3,0.6,0.462,0.1,1.1,1.2,3.3,0.4,0.1,1.6,1.5,3.8
287,Mikki Moore\mooremi01,C,33,BOS,24,0,19,2.1,3.5,0.6,0,0,,2.1,3.5,0.6,0.6,0.6,0.8,0.737,1.3,3.1,4.4,1,0.2,0.2,0.9,4,4.8
304,Patrick O'Bryant\obryapa01,C,22,BOS,26,0,4.2,0.6,1.2,0.516,0,0,,0.6,1.2,0.516,0.516,0.3,0.5,0.667,0.3,1,1.3,0.3,0.1,0.3,0.7,1.1,1.5
320,Kendrick Perkins\perkike01,C,24,BOS,76,76,29.6,3.6,6.3,0.577,0,0,0,3.6,6.3,0.58,0.577,1.3,2.1,0.6,2.7,5.5,8.1,1.3,0.3,2,2.2,3.3,8.5
323,Paul Pierce\piercpa01,SF,31,BOS,81,81,37.5,6.7,14.6,0.457,1.5,3.8,0.391,5.2,10.8,0.48,0.508,5.7,6.8,0.83,0.7,5,5.6,3.6,1,0.3,2.8,2.7,20.5
326,Leon Powe\powele01,PF,25,BOS,70,7,17.5,2.5,4.8,0.524,0,0,,2.5,4.8,0.524,0.524,2.6,3.8,0.689,2.1,2.9,4.9,0.7,0.3,0.5,1.1,2.7,7.7
330,Gabe Pruitt\pruitga01,SG,22,BOS,47,0,7.8,0.7,2.1,0.307,0.3,1,0.292,0.4,1.1,0.321,0.376,0.4,0.4,0.81,0.2,0.7,0.9,0.8,0.3,0.1,0.4,0.7,2
347,Rajon Rondo\rondora01,PG,22,BOS,80,80,33,4.8,9.5,0.505,0.2,0.6,0.313,4.6,8.9,0.518,0.514,2.2,3.4,0.642,1.3,4,5.2,8.2,1.9,0.1,2.6,2.4,11.9
357,Brian Scalabrine\scalabr01,C,30,BOS,39,8,12.9,1.2,2.9,0.421,0.6,1.6,0.393,0.6,1.4,0.453,0.526,0.4,0.5,0.889,0.2,1.1,1.3,0.5,0.2,0.3,0.3,1.9,3.5
408,Henry Walker\walkebi01,SF,21,BOS,29,0,7.4,1.2,2,0.621,0,0,0,1.2,2,0.632,0.621,0.6,0.8,0.696,0.3,0.7,1,0.4,0.2,0.1,0.6,1.8,3
$6 ,Alexis Ajinca\ajincal01,PF,$20 ,CHA,31,4,5.9,0.8,2.2,0.362,0,0.1,0,0.8,2.2,0.373,0.362,0.6,0.9,0.714,0.3,0.7,1,0.1,0.2,0.2,0.4,1.1,2.3
24,D.J. Augustin\augusdj01,PG,21,CHA,72,12,26.5,3.7,8.6,0.43,1.5,3.4,0.439,2.2,5.2,0.424,0.517,2.9,3.2,0.893,0.2,1.6,1.8,3.5,0.6,0,1.7,1.9,11.8
42,Raja Bell\bellra01,SG,32,CHA,45,44,35.6,5,11.3,0.44,1.6,3.9,0.395,3.4,7.3,0.464,0.509,1.6,1.8,0.877,0.7,3.2,4,2.5,0.8,0.1,1.5,2.4,13
62,Andre Brown\brownan01,PF,27,CHA,4,0,10.3,0.3,1.8,0.143,0,0,,0.3,1.8,0.143,0.143,0.5,0.5,1,1.8,1.3,3,0.3,0.3,0,1.3,2.3,1
67,Shannon Brown\brownsh01,SG,23,CHA,30,0,11.4,1.9,4.1,0.455,0.3,0.9,0.286,1.6,3.2,0.505,0.488,0.8,1,0.8,0.3,0.5,0.8,0.9,0.6,0.2,1,1.1,4.8
78,Matt Carroll\carroma01,SG,28,CHA,34,10,14,1.6,4.1,0.406,0.4,1.3,0.267,1.3,2.7,0.473,0.449,0.4,0.6,0.789,0.1,1.5,1.6,0.7,0.5,0.1,0.8,1.6,4.1
107,Boris Diaw\diawbo01,PF,26,CHA,59,59,37.6,6.2,12.6,0.495,1.2,2.8,0.419,5.1,9.8,0.517,0.542,1.4,2.1,0.686,1.6,4.3,5.9,4.9,0.8,0.7,3,2.8,15.1
111,DeSagana Diop\diopde01,C,27,CHA,41,1,14.2,1.3,2.8,0.46,0,0,,1.3,2.8,0.46,0.46,0.2,0.9,0.27,1.7,2.1,3.8,0.5,0.4,0.8,0.7,1.8,2.8
118,Jared Dudley\dudleja01,SF,23,CHA,20,7,21.4,2.3,4.8,0.469,0.2,0.4,0.375,2.1,4.4,0.477,0.484,0.8,1.2,0.625,1.3,1.7,3,1,0.9,0.1,0.5,2,5.4
130,Raymond Felton\feltora01,PG,24,CHA,82,81,37.6,5.4,13.2,0.408,0.7,2.5,0.285,4.7,10.7,0.437,0.435,2.7,3.3,0.805,0.7,3.1,3.8,6.7,1.5,0.4,2.8,2.3,14.2
188,Ryan Hollins\holliry01,C,24,CHA,18,1,10.2,1.1,1.9,0.543,0,0,,1.1,1.9,0.543,0.543,1.4,2.2,0.667,1.1,0.9,2,0.2,0.2,0.9,0.6,1.9,3.6
193,Juwan Howard\howarju01,SF,35,CHA,39,2,11.5,1.9,3.7,0.51,0,0,,1.9,3.7,0.51,0.51,0.6,0.9,0.676,0.7,1.1,1.8,0.6,0.2,0.1,0.7,1.7,4.4
214,Dontell Jefferson\jeffedo01,SG,25,CHA,6,0,14,1.8,3.7,0.5,0.2,0.3,0.5,1.7,3.3,0.5,0.523,1,1.5,0.667,0.2,1.8,2,1.5,0.7,0.2,1,1.5,4.8
221,Linton Johnson\johnsli01,PF,28,CHA,2,0,6.5,0,0,,0,0,,0,0,,,0,0,,0,0,0,0,0,0,0,0.5,0
225,Dwayne Jones\jonesdw02,PF,25,CHA,6,0,8.7,0.7,1.2,0.571,0,0,,0.7,1.2,0.571,0.571,0.7,1,0.667,1,1,2,0,0,0.2,0.7,1,2
259,Cartier Martin\martica01,SF,24,CHA,33,1,8.1,0.8,2.3,0.364,0.3,1,0.303,0.5,1.3,0.409,0.429,0.6,0.8,0.8,0.2,0.8,1,0.4,0.2,0.1,0.3,1,2.6
265,Sean May\mayse01,PF,24,CHA,24,12,12.5,1.6,4.1,0.398,0,0,1,1.6,4,0.392,0.403,0.6,0.8,0.7,0.8,2,2.9,0.4,0.2,0.2,1.1,1.3,3.9
285,Nazr Mohammed\mohamna01,C,31,CHA,39,1,8.7,1.1,2.6,0.406,0,0,,1.1,2.6,0.406,0.406,0.6,1,0.55,0.9,1.1,2,0.2,0.1,0.4,0.6,1.6,2.7
289,Adam Morrison\morriad01,SF,24,CHA,44,5,15.2,1.7,4.8,0.36,0.7,2.1,0.337,1,2.7,0.378,0.434,0.4,0.5,0.762,0.4,1.3,1.6,0.9,0.2,0.1,0.7,1.7,4.5
310,Emeka Okafor\okafoem01,C,26,CHA,82,81,32.8,5.3,9.4,0.561,0,0,,5.3,9.4,0.561,0.561,2.7,4.5,0.593,3.4,6.7,10.1,0.6,0.6,1.7,1.8,3,13.2
333,Vladimir Radmanovic\radmavl01,SF,28,CHA,32,3,21.1,3.2,7.9,0.401,1.4,3.9,0.357,1.8,3.9,0.444,0.49,0.6,1,0.645,0.8,2.4,3.3,1.3,0.6,0.3,1.6,1.9,8.3
340,Jason Richardson\richaja01,SG,28,CHA,14,14,35.1,6.9,15.7,0.441,1.9,4.2,0.458,5,11.5,0.435,0.502,2.9,3.9,0.745,0.9,3.2,4.1,2.6,1,0.2,1.7,3.1,18.7
366,Sean Singletary\singlse01,PG,23,CHA,24,1,7.5,0.8,2,0.396,0.3,0.6,0.4,0.5,1.4,0.394,0.458,0.5,0.6,0.8,0.2,0.6,0.8,0.7,0.2,0,0.8,1.3,2.3
410,Gerald Wallace\wallage01,SF,26,CHA,71,71,37.6,5.5,11.4,0.48,0.5,1.8,0.298,4.9,9.6,0.515,0.504,5.1,6.4,0.804,1.6,6.2,7.8,2.7,1.7,0.9,2.1,3,16.6
106,Luol Deng\denglu01,SF,23,CHI,49,46,34,5.4,12.1,0.448,0.2,0.4,0.4,5.2,11.7,0.45,0.455,3.1,3.9,0.796,1.6,4.4,6,1.9,1.2,0.5,1.5,1.7,14.1
154,Drew Gooden\goodedr01,PF,27,CHI,31,27,29.6,5.2,11.4,0.457,0,0.1,0,5.2,11.3,0.461,0.457,2.7,3.1,0.866,2.6,5.9,8.6,1.4,0.8,0.5,1.8,3.3,13.1
155,Ben Gordon\gordobe01,SG,25,CHI,82,76,36.6,7.3,16,0.455,2.1,5.1,0.41,5.2,10.9,0.476,0.521,4,4.7,0.864,0.6,2.8,3.5,3.4,0.9,0.3,2.4,2.2,20.7
161,Aaron Gray\grayaa01,C,24,CHI,56,18,12.8,1.4,3,0.485,0,0,0,1.4,3,0.488,0.485,0.6,1.1,0.576,1.5,2.4,3.9,0.8,0.3,0.3,0.7,2.4,3.5
187,Kirk Hinrich\hinriki01,SG,28,CHI,51,4,26.3,3.6,8.2,0.437,1.4,3.3,0.408,2.2,4.9,0.456,0.519,1.3,1.7,0.791,0.3,2.1,2.4,3.9,1.3,0.4,1.7,2.5,9.9
194,Larry Hughes\hughela01,SF,30,CHI,30,6,26.4,4.2,10.3,0.412,1.3,3.4,0.392,2.9,6.9,0.422,0.477,2.2,2.7,0.817,0.2,2.9,3.1,2,1.2,0.3,1.2,1.7,12
196,Lindsey Hunter\hunteli01,PG,38,CHI,28,0,9.5,1,2.9,0.329,0.6,1.7,0.333,0.4,1.2,0.324,0.427,0.1,0.2,0.6,0.1,0.4,0.4,1.3,0.7,0,0.7,1,2.6
221,Linton Johnson\johnsli01,PF,28,CHI,8,0,5.3,0.5,1.4,0.364,0.1,0.3,0.5,0.4,1.1,0.333,0.409,0,0,,0.4,0.6,1,0.3,0.1,0,0.3,0.8,1.1
280,Brad Miller\millebr01,C,32,CHI,27,0,27.6,4,8.4,0.478,0.1,0.5,0.231,3.9,7.9,0.493,0.485,3.7,4.3,0.853,2.5,5,7.4,3.2,0.8,0.4,1.7,3.3,11.8
299,Demetris Nichols\nichode01,SF,24,CHI,2,0,2.5,0.5,2,0.25,0,0.5,0,0.5,1.5,0.333,0.25,0,0,,0,0,0,0.5,0,0,0,0.5,1
300,Joakim Noah\noahjo01,C,23,CHI,80,55,24.2,2.6,4.7,0.556,0,0,0,2.6,4.6,0.558,0.556,1.5,2.3,0.676,3.1,4.5,7.6,1.3,0.6,1.4,1,3,6.7
301,Andres Nocioni\nocioan01,PF,29,CHI,53,2,24.1,3.5,8.5,0.414,1.5,3.9,0.378,2,4.5,0.446,0.502,1.9,2.3,0.806,0.6,3.5,4.2,1.1,0.5,0.3,1.4,3.3,10.4
344,Anthony Roberson\roberan02,PG,25,CHI,6,0,3.8,0.8,2.8,0.294,0.3,1.7,0.2,0.5,1.2,0.429,0.353,0,0,,0.3,0.8,1.2,0.2,0,0,0.2,0,2
348,Derrick Rose\rosede01,PG,20,CHI,81,80,37,7.1,14.9,0.475,0.2,0.9,0.222,6.9,14,0.491,0.482,2.4,3.1,0.788,1.2,2.7,3.9,6.3,0.8,0.2,2.5,1.5,16.8
355,John Salmons\salmojo01,SF,29,CHI,26,21,37.7,6.3,13.4,0.473,1.9,4.5,0.415,4.5,8.9,0.502,0.543,3.7,4.4,0.843,0.6,3.7,4.3,2,1,0.6,1.7,2.3,18.3
359,Thabo Sefolosha\sefolth01,SF,24,CHI,43,14,17.1,1.8,4.2,0.434,0.3,1.2,0.3,1.5,3.1,0.485,0.475,0.5,0.6,0.84,0.6,2.3,2.9,1.5,0.8,0.4,0.9,1.2,4.5
364,Cedric Simmons\simmoce01,PF,23,CHI,11,0,5.5,1,1.9,0.524,0,0,,1,1.9,0.524,0.524,0.5,1.3,0.429,0.4,0.7,1.1,0.2,0.1,0.4,0,0.5,2.5
390,Tim Thomas\thomati01,PF,31,CHI,18,0,14.1,2,5,0.4,1.1,2.4,0.442,0.9,2.6,0.362,0.506,0.8,1.1,0.7,0.4,1.9,2.3,0.7,0.3,0,0.6,1.5,5.8
391,Tyrus Thomas\thomaty01,PF,22,CHI,79,61,27.5,3.9,8.6,0.451,0,0.1,0.333,3.9,8.5,0.453,0.453,3,3.8,0.783,1.9,4.6,6.4,1,1.2,1.9,1.6,2.8,10.8
149,Daniel Gibson\gibsoda01,PG,22,CLE,75,0,23.9,2.7,7,0.391,1.4,3.8,0.382,1.3,3.3,0.402,0.493,0.9,1.1,0.767,0.4,1.7,2.1,1.8,0.6,0.2,0.8,2.2,7.8
182,J.J. Hickson\hicksjj01,C,20,CLE,62,0,11.4,1.6,3.1,0.515,0,0,,1.6,3.1,0.515,0.515,0.7,1.1,0.672,0.8,1.8,2.7,0.1,0.2,0.5,0.7,1.3,4
199,Zydrunas Ilgauskas\ilgauzy01,C,33,CLE,65,65,27.2,5.3,11.1,0.472,0.2,0.6,0.385,5,10.5,0.477,0.483,2.1,2.7,0.799,2.4,5.1,7.5,1,0.4,1.3,1.4,2.8,12.9
205,Darnell Jackson\jacksda01,PF,23,CLE,51,2,8.4,0.7,1.7,0.43,0,0,0,0.7,1.6,0.44,0.43,0.5,0.7,0.686,0.6,1.1,1.7,0.2,0.2,0.1,0.3,1.5,1.9
208,LeBron James\jamesle01,SF,24,CLE,81,81,37.7,9.7,19.9,0.489,1.6,4.7,0.344,8.1,15.2,0.535,0.53,7.3,9.4,0.78,1.3,6.3,7.6,7.2,1.7,1.1,3,1.7,28.4
222,Trey Johnson\johnstr01,SG,24,CLE,4,0,3.5,0,1.3,0,0,0,,0,1.3,0,0,1,1,1,0,0.3,0.3,0,0,0,0.3,1,1
233,Tarence Kinsey\kinseta01,SG,24,CLE,50,3,5.5,0.6,1.4,0.449,0.1,0.4,0.389,0.5,1,0.471,0.5,0.7,0.8,0.868,0.2,0.6,0.8,0.2,0.2,0,0.4,0.7,2
318,Sasha Pavlovic\pavloal01,SF,25,CLE,66,12,16,1.8,4.2,0.422,0.7,1.8,0.41,1,2.4,0.43,0.509,0.4,0.8,0.463,0.5,1.5,1.9,1.1,0.3,0.2,0.7,1.8,4.6
371,Joe Smith\smithjo02,C,33,CLE,21,0,19.6,2.7,5.5,0.496,0,0.1,0.333,2.7,5.3,0.5,0.5,1,1.3,0.75,1.7,3,4.8,0.8,0.3,0.7,0.5,2.4,6.5
383,Wally Szczerbiak\szczewa02,SF,31,CLE,74,5,20.6,2.4,5.4,0.45,0.9,2.3,0.411,1.5,3.1,0.478,0.536,1.2,1.4,0.849,0.6,2.6,3.1,1.1,0.4,0.1,0.7,1.8,7
401,Anderson Varejao\varejan01,PF,26,CLE,81,42,28.5,3.3,6.2,0.536,0,0,0,3.3,6.2,0.538,0.536,1.9,3.1,0.616,2,5.1,7.2,1,0.9,0.8,1,3,8.6
409,Ben Wallace\wallabe01,PF,34,CLE,56,53,23.5,1.2,2.8,0.445,0,0,,1.2,2.8,0.445,0.445,0.5,1.1,0.422,2.4,4,6.5,0.8,0.9,1.3,0.6,1.5,2.9
420,Delonte West\westde01,SG,25,CLE,64,64,33.6,4.5,9.8,0.457,1.4,3.6,0.399,3,6.2,0.49,0.53,1.4,1.7,0.833,0.5,2.7,3.2,3.5,1.5,0.2,1.4,2,11.7
428,Jawad Williams\willija04,SF,25,CLE,10,0,2,0.5,1.2,0.417,0.2,0.6,0.333,0.3,0.6,0.5,0.5,0,0,,0.1,0.1,0.2,0,0.1,0,0.1,0.2,1.2
433,Mo Williams\willima01,PG,26,CLE,81,81,35,6.5,13.9,0.467,2.3,5.2,0.436,4.2,8.7,0.486,0.548,2.6,2.8,0.912,0.6,2.9,3.4,4.1,0.9,0.1,2.2,2.7,17.8
442,Lorenzen Wright\wrighlo02,C,33,CLE,17,2,7.4,0.6,1.6,0.37,0,0,,0.6,1.6,0.37,0.37,0.2,0.5,0.375,0.4,1.1,1.5,0.2,0.2,0.3,0.5,1,1.4
29,J.J. Barea\bareajo01,SG,24,DAL,79,15,20.3,3.1,7.1,0.442,0.7,1.9,0.357,2.4,5.1,0.474,0.491,0.9,1.2,0.753,0.5,1.8,2.2,3.4,0.5,0.1,1.3,1.5,7.8
33,Brandon Bass\bassbr01,C,23,DAL,81,0,19.4,3.1,6.3,0.496,0,0.1,0,3.1,6.2,0.502,0.496,2.2,2.6,0.867,1.6,2.9,4.5,0.5,0.3,0.7,1.1,1.7,8.5
78,Matt Carroll\carroma01,SG,28,DAL,21,0,6.7,0.4,1.6,0.273,0,0.4,0.125,0.4,1.2,0.32,0.288,0.3,0.3,1,0.1,0.6,0.7,0.1,0.1,0,0.3,0.7,1.2
98,Erick Dampier\dampier01,C,33,DAL,80,80,23,2.3,3.5,0.65,0,0,,2.3,3.5,0.65,0.65,1.1,1.8,0.638,2.7,4.4,7.1,1,0.3,1.2,0.9,2.4,5.7
111,DeSagana Diop\diopde01,C,27,DAL,34,0,13.3,0.6,1.7,0.379,0,0,,0.6,1.7,0.379,0.379,0.4,0.9,0.414,1.3,2.1,3.5,0.4,0.4,0.7,0.3,1.6,1.6
148,Devean George\georgde01,SF,31,DAL,43,17,16.5,1.3,3.3,0.38,0.5,1.8,0.289,0.7,1.5,0.485,0.458,0.4,0.5,0.773,0.6,1.2,1.8,0.3,0.5,0.3,0.4,1.3,3.4
162,Gerald Green\greenge01,SG,23,DAL,38,12,9.9,2.1,4.7,0.439,0.4,1.2,0.304,1.7,3.5,0.485,0.478,0.7,0.8,0.844,0.4,1.1,1.4,0.4,0.3,0.1,0.9,1.3,5.2
188,Ryan Hollins\holliry01,C,24,DAL,27,2,9.6,1.1,2.2,0.525,0,0,,1.1,2.2,0.525,0.525,0.6,1.2,0.515,1,1.3,2.3,0.1,0.1,0.6,0.5,1.6,2.9
192,Josh Howard\howarjo01,SF,28,DAL,52,51,32,6.8,15.1,0.451,1.1,3.2,0.345,5.7,11.8,0.48,0.488,3.3,4.2,0.782,1.1,3.9,5.1,1.6,1.1,0.6,1.7,2.6,18
232,Jason Kidd*\kiddja01,PG,35,DAL,81,81,35.6,3.2,7.6,0.416,1.6,4,0.406,1.6,3.6,0.427,0.522,1.1,1.3,0.819,1,5.1,6.2,8.7,2,0.5,2.3,2.1,9
303,Dirk Nowitzki\nowitdi01,PF,30,DAL,81,81,37.7,9.6,20,0.479,0.8,2.1,0.359,8.8,17.9,0.493,0.498,6,6.7,0.89,1.1,7.3,8.4,2.4,0.8,0.8,1.9,2.2,25.9
367,James Singleton\singlja01,PF,27,DAL,62,6,14.3,1.9,3.6,0.529,0.2,0.6,0.325,1.7,2.9,0.575,0.559,1.1,1.3,0.859,1.4,2.6,4,0.3,0.4,0.5,0.6,1.8,5.1
376,Jerry Stackhouse\stackje01,SG,34,DAL,10,1,16.2,1.6,6,0.267,0.3,1.9,0.158,1.3,4.1,0.317,0.292,0.7,0.7,1,0.5,1.2,1.7,1.2,0.4,0.1,0.9,0.6,4.2
386,Jason Terry\terryja01,SG,31,DAL,74,11,33.7,7.3,15.8,0.463,2.3,6.2,0.366,5.1,9.6,0.525,0.535,2.7,3,0.88,0.5,1.9,2.4,3.4,1.3,0.3,1.6,1.9,19.6
435,Shawne Williams\willish03,SF,22,DAL,15,0,11.3,1.1,3.7,0.286,0.1,1.1,0.059,1,2.6,0.385,0.295,0.6,0.7,0.818,1.3,1.8,3.1,0.1,0.1,0.6,0.3,1.3,2.8
438,Antoine Wright\wrighan01,SF,24,DAL,65,53,23.9,2.8,6.6,0.415,0.7,2.3,0.302,2.1,4.3,0.475,0.468,1.1,1.5,0.747,0.5,1.6,2.1,1.2,0.7,0.4,0.8,2.6,7.3
15,Chris Andersen\anderch01,C,$30 ,DEN,71,1,20.6,2.3,4.1,0.548,0,0.1,0.2,2.2,4,0.56,0.551,1.8,2.5,0.718,2.3,3.9,6.2,0.4,0.6,2.5,1,2.5,6.4
$17 ,Carmelo Anthony\anthoca01,SF,$24 ,DEN,66,66,34.5,8.1,18.3,0.443,1,2.6,0.371,7.2,15.7,0.455,0.469,5.6,7.1,0.793,1.6,5.2,6.8,3.4,1.1,0.4,3,3,22.8
23,Chucky Atkins\atkinch01,PG,34,DEN,14,0,8.2,0.6,1.9,0.333,0.4,1.2,0.294,0.3,0.7,0.4,0.426,0.3,0.3,1,0,0.4,0.4,2,0.1,0.1,0.7,0.4,1.9
26,Renaldo Balkman\balkmre01,PF,24,DEN,53,10,14.7,2.1,3.7,0.558,0,0.1,0.286,2,3.6,0.568,0.563,0.8,1.2,0.646,1.6,2.2,3.8,0.6,0.9,0.4,0.7,1.8,5
45,Chauncey Billups\billuch01,PG,32,DEN,77,77,35.3,5.2,12.5,0.42,2.1,5.1,0.41,3.2,7.4,0.427,0.504,5.3,5.8,0.913,0.4,2.6,3,6.4,1.2,0.2,2.2,2.1,17.9
79,Anthony Carter\cartean01,PG,33,DEN,78,5,22.9,2.1,4.9,0.433,0.3,1.1,0.239,1.9,3.8,0.49,0.46,0.7,1,0.731,0.5,2.1,2.6,4.7,1.2,0.2,2,1.8,5.3
172,Jason Hart\hartja01,PG,30,DEN,11,0,3.3,0.5,0.9,0.5,0,0.2,0,0.5,0.7,0.625,0.5,0.3,0.4,0.75,0.1,0.3,0.4,0.5,0,0,0.3,0.4,1.2
183,Nene Hilario\hilarne01,C,26,DEN,77,76,32.6,5.6,9.2,0.604,0,0.1,0.2,5.5,9.1,0.607,0.604,3.5,4.8,0.723,2.4,5.4,7.8,1.4,1.2,1.3,1.9,3.6,14.6
193,Juwan Howard\howarju01,PF,35,DEN,3,0,7.3,0.3,0.7,0.5,0,0,,0.3,0.7,0.5,0.5,0,0,,0.3,1,1.3,0.7,0.3,0.3,0,1.3,0.7
201,Allen Iverson*\iversal01,SG,33,DEN,3,3,41,6,13.3,0.45,0.7,2.7,0.25,5.3,10.7,0.5,0.475,6,8.3,0.72,1,1.7,2.7,6.7,1,0.3,3.3,1,18.7
223,Dahntay Jones\jonesda02,SG,28,DEN,79,71,18.1,1.9,4.3,0.458,0.1,0.2,0.647,1.8,4,0.448,0.475,1.4,1.9,0.728,0.7,1.4,2.1,1,0.6,0.2,0.9,2.5,5.4
235,Linas Kleiza\kleizli01,SF,24,DEN,82,7,22.2,3.5,7.9,0.447,1.1,3.3,0.326,2.5,4.6,0.533,0.515,1.8,2.5,0.725,1.1,2.9,4,0.8,0.4,0.2,1,1.9,9.9
260,Kenyon Martin\martike01,PF,31,DEN,66,66,32,4.8,9.8,0.491,0.2,0.6,0.368,4.6,9.2,0.498,0.502,1.8,3,0.604,1.2,4.8,6,2,1.5,1.1,1.6,3,11.7
322,Johan Petro\petrojo01,C,23,DEN,27,10,8,1,2.3,0.429,0,0,0,1,2.3,0.435,0.429,0.2,0.5,0.429,0.6,1.8,2.3,0.4,0.1,0.4,0.5,2.1,2.2
356,Cheikh Samb\sambch01,C,24,DEN,6,0,4,0.3,2.2,0.154,0,0.2,0,0.3,2,0.167,0.154,0,0,,0.3,1.2,1.5,0.2,0.3,0.8,0.3,0.7,0.7
370,J.R. Smith\smithjr01,SG,23,DEN,81,18,27.7,5.2,11.7,0.446,2.2,5.6,0.397,3,6.1,0.491,0.541,2.5,3.4,0.754,0.5,3.1,3.7,2.8,1,0.2,1.9,2.3,15.2
418,Sonny Weems\weemsso01,SG,22,DEN,12,0,4.6,0.7,2.1,0.32,0,0.3,0,0.7,1.8,0.364,0.32,0.3,0.7,0.375,0,0.3,0.3,0.3,0.1,0,0.5,0.7,1.6
$1 ,Alex Acker\ackeral01,SG,$26 ,DET,7,0,2.9,0.6,1.6,0.364,0,0.6,0,0.6,1,0.571,0.364,0.1,0.3,0.5,0,0.3,0.3,0.1,0.3,0.1,0,0,1.3
$3 ,Arron Afflalo\afflaar01,SG,$23 ,DET,74,8,16.7,1.8,4.1,0.437,0.6,1.4,0.402,1.2,2.6,0.456,0.508,0.8,1,0.817,0.4,1.4,1.8,0.6,0.4,0.2,0.6,1.9,4.9
45,Chauncey Billups\billuch01,PG,32,DET,2,2,35,3.5,10.5,0.333,1,3.5,0.286,2.5,7,0.357,0.381,4.5,5,0.9,0.5,4.5,5,7.5,1.5,0.5,2,1.5,12.5
66,Kwame Brown\brownkw01,C,26,DET,58,30,17.2,1.6,2.9,0.533,0,0,,1.6,2.9,0.533,0.533,1.1,2.1,0.516,1.6,3.4,5,0.6,0.4,0.4,0.9,2.4,4.2
73,Will Bynum\bynumwi01,PG,26,DET,57,1,14.1,2.7,6,0.456,0.1,0.3,0.158,2.7,5.7,0.474,0.461,1.7,2.1,0.798,0.3,1,1.3,2.8,0.6,0,1.3,1.5,7.2
168,Richard Hamilton\hamilri01,SG,30,DET,67,51,34,7,15.6,0.447,1,2.8,0.368,5.9,12.7,0.464,0.48,3.3,3.9,0.848,0.7,2.4,3.1,4.4,0.6,0.1,2,2.6,18.3
180,Walter Herrmann\herrmwa01,SF,29,DET,59,0,10.7,1.4,3.5,0.396,0.7,2,0.342,0.7,1.5,0.471,0.495,0.3,0.4,0.76,0.5,1.3,1.8,0.4,0.1,0.1,0.3,0.7,3.8
201,Allen Iverson*\iversal01,PG,33,DET,54,50,36.5,6.1,14.7,0.416,0.5,1.7,0.286,5.6,13,0.432,0.432,4.7,6,0.786,0.5,2.6,3.1,4.9,1.6,0.1,2.5,1.5,17.4
218,Amir Johnson\johnsam01,PF,21,DET,62,24,14.7,1.6,2.6,0.595,0,0,,1.6,2.6,0.595,0.595,0.4,0.6,0.657,1.6,2.1,3.7,0.3,0.3,1,0.5,2.8,3.5
264,Jason Maxiell\maxieja01,C,25,DET,78,4,18.1,2.4,4.1,0.575,0,0,0,2.4,4.1,0.577,0.575,1.1,2,0.532,2.2,2,4.2,0.3,0.3,0.8,0.6,2,5.8
269,Antonio McDyess\mcdyean01,PF,34,DET,62,30,30.1,4.3,8.5,0.51,0,0,,4.3,8.5,0.51,0.51,1,1.4,0.698,3,6.8,9.8,1.3,0.7,0.8,0.8,3.1,9.6
329,Tayshaun Prince\princta01,SF,28,DET,82,82,37.3,5.6,12.4,0.45,0.7,1.7,0.397,4.9,10.7,0.458,0.477,2.3,3,0.778,1.6,4.2,5.8,3.1,0.5,0.6,1.2,1.3,14.2
362,Walter Sharpe\sharpwa01,PF,22,DET,8,0,2.5,0.5,1.4,0.364,0,0.3,0,0.5,1.1,0.444,0.364,0,0.3,0,0,0.4,0.4,0,0,0.3,0,0.4,1
380,Rodney Stuckey\stuckro01,PG,22,DET,79,65,31.9,5.1,11.6,0.439,0.3,1,0.295,4.8,10.6,0.453,0.452,2.9,3.7,0.803,0.9,2.6,3.5,4.9,1,0.1,2.2,2.7,13.4
411,Rasheed Wallace\wallara01,C,34,DET,66,63,32.2,4.6,10.9,0.419,1.7,4.8,0.354,2.9,6.1,0.471,0.498,1.2,1.5,0.772,0.8,6.6,7.4,1.4,0.9,1.3,0.9,3,12
25,Kelenna Azubuike\azubuke01,SF,25,GSW,74,51,32.1,5.3,11.4,0.464,1.3,2.8,0.448,4,8.6,0.469,0.52,2.5,3.1,0.808,1.5,3.5,5,1.6,0.8,0.7,1.3,2.5,14.4
40,Marco Belinelli\belinma01,SG,22,GSW,42,23,21,3.3,7.5,0.442,1.2,3.1,0.397,2.1,4.4,0.473,0.524,1,1.2,0.769,0.2,1.5,1.7,2.1,0.9,0,1.4,1.7,8.9
44,Andris Biedrins\biedran01,C,22,GSW,62,58,30,5,8.6,0.578,0,0,0,5,8.6,0.579,0.578,1.9,3.5,0.551,3.6,7.6,11.2,2,1,1.5,1.8,3.8,11.9
92,Jamal Crawford\crawfja01,PG,28,GSW,54,54,38.6,6.4,15.8,0.406,2,5.9,0.338,4.4,9.9,0.446,0.468,4.9,5.5,0.889,0.4,2.9,3.3,4.4,0.9,0.2,2.3,1.5,19.7
101,Jermareo Davidson\davidje01,SF,24,GSW,14,0,7.9,1.2,2.5,0.486,0,0,,1.2,2.5,0.486,0.486,0.6,1.2,0.471,0.7,1.7,2.4,0.1,0.1,0.2,0.4,0.9,3
123,Monta Ellis\ellismo01,SG,23,GSW,25,25,35.7,7.8,17.2,0.451,0.3,1,0.308,7.4,16.2,0.46,0.46,3.1,3.8,0.83,0.6,3.8,4.3,3.7,1.6,0.3,2.7,2.7,19
170,Al Harrington\harrial01,PF,28,GSW,5,5,33.2,4.6,14,0.329,2.2,5.6,0.393,2.4,8.4,0.286,0.407,1,2,0.5,2,3.6,5.6,2,1.4,0,1.4,2.8,12.4
206,Stephen Jackson\jacksst02,SF,30,GSW,59,59,39.6,7,16.9,0.414,1.7,5.2,0.338,5.3,11.7,0.448,0.466,5,6,0.826,1.2,3.9,5.1,6.5,1.5,0.5,3.9,2.6,20.7
240,Rob Kurz\kurzro01,SF,23,GSW,40,5,11.1,1.3,3.3,0.389,0.4,1,0.395,0.9,2.3,0.387,0.447,1,1.3,0.8,0.8,1.2,2,0.5,0.4,0.5,0.4,2,3.9
253,Corey Maggette\maggeco01,PF,29,GSW,51,19,31.1,5.7,12.4,0.461,0.5,1.9,0.253,5.3,10.6,0.497,0.479,6.7,8.1,0.824,1,4.6,5.5,1.8,0.9,0.2,2.4,3.8,18.6
290,Anthony Morrow\morroan01,SG,23,GSW,67,17,22.6,3.8,8,0.478,1.3,2.7,0.467,2.5,5.2,0.483,0.558,1.2,1.4,0.87,1.2,1.8,3,1.2,0.5,0.2,0.8,1.9,10.1
296,DeMarcus Nelson\nelsode01,PG,23,GSW,13,5,13.2,1.8,4.2,0.444,0,0.2,0,1.8,3.9,0.471,0.444,0.4,1.1,0.357,0.5,1.4,1.8,1,0.7,0.2,1.2,1.8,4.1
334,Anthony Randolph\randoan01,PF,19,GSW,63,22,17.9,3.2,6.8,0.462,0,0.1,0,3.2,6.8,0.466,0.462,1.6,2.2,0.716,2,3.7,5.8,0.8,0.7,1.2,1.3,2.2,7.9
396,Ronny Turiaf\turiaro01,C,26,GSW,79,26,21.5,2.4,4.6,0.508,0,0,0,2.4,4.6,0.512,0.508,1.2,1.6,0.79,1.1,3.4,4.6,2.1,0.4,2.1,0.9,3.1,5.9
414,C.J. Watson\watsocj01,PG,24,GSW,77,18,24.5,3.3,7.3,0.457,0.6,1.6,0.4,2.7,5.7,0.473,0.5,2.2,2.5,0.87,0.5,2,2.5,2.7,1.2,0.1,1.2,1.8,9.5
430,Marcus Williams\willima03,PG,23,GSW,9,0,6,0.4,1.9,0.235,0.2,0.7,0.333,0.2,1.2,0.182,0.294,0.2,0.7,0.333,0,0.4,0.4,1.4,0.1,0.1,0.4,0.7,1.3
439,Brandan Wright\wrighbr03,PF,21,GSW,39,23,17.6,3.3,6.3,0.528,0,0.1,0,3.3,6.2,0.537,0.528,1.6,2.2,0.741,1.6,2.4,4,0.5,0.6,0.9,0.6,1.9,8.3
$13 ,Rafer Alston\alstora01,PG,$32 ,HOU,48,48,33.1,4,10.9,0.37,1.7,4.8,0.348,2.4,6.1,0.387,0.446,1.8,2.3,0.789,0.5,2.5,3,5.4,1.2,0.1,1.8,1.5,11.5
32,Brent Barry\barrybr01,SG,37,HOU,56,1,15.3,1.3,3.1,0.407,0.9,2.3,0.374,0.4,0.7,0.512,0.549,0.3,0.4,0.95,0.3,1.4,1.7,1.4,0.4,0.1,0.9,0.8,3.7
36,Shane Battier\battish01,SG,30,HOU,60,59,33.9,2.4,5.9,0.41,1.5,4,0.384,0.9,2,0.462,0.538,0.9,1.1,0.821,0.9,3.9,4.8,2.3,0.8,0.9,0.8,1.9,7.3
61,Aaron Brooks\brookaa01,PG,24,HOU,80,35,25,4,9.8,0.404,1.4,3.9,0.366,2.5,5.9,0.428,0.476,1.9,2.2,0.866,0.4,1.6,2,3,0.6,0.1,1.6,1.9,11.2
90,Brian Cook\cookbr01,PF,28,HOU,9,0,2.8,0.6,1.8,0.313,0.2,0.6,0.4,0.3,1.2,0.273,0.375,0,0,,0.1,0.4,0.6,0.1,0,0.3,0.2,0.3,1.3
114,Joey Dorsey\dorsejo01,PF,25,HOU,3,0,2,0.3,0.7,0.5,0,0,,0.3,0.7,0.5,0.5,0,0,,0,0.3,0.3,0.3,0,0,0,0,0.7
176,Chuck Hayes\hayesch01,C,25,HOU,71,1,12.1,0.6,1.6,0.372,0,0.1,0,0.6,1.5,0.385,0.372,0.1,0.3,0.368,1,2.5,3.5,0.6,0.5,0.3,0.4,1.9,1.3
179,Luther Head\headlu01,PG,26,HOU,22,4,14.6,1.8,4.6,0.386,0.6,1.7,0.368,1.1,2.9,0.397,0.455,0.6,0.7,0.875,0.1,1.1,1.2,1.6,0.3,0,0.7,0.7,4.8
241,Carl Landry\landrca01,PF,25,HOU,69,0,21.3,3.5,6.1,0.574,0,0,0.333,3.5,6,0.576,0.575,2.3,2.8,0.813,1.8,3.2,5,0.6,0.4,0.4,1,2.4,9.2
250,Kyle Lowry\lowryky01,PG,22,HOU,28,0,21.7,2.8,5.8,0.475,0.3,1,0.276,2.5,4.8,0.519,0.5,1.9,2.3,0.8,0.5,2.3,2.8,3.5,0.8,0.3,1.4,2,7.6
271,Tracy McGrady*\mcgratr01,SG,29,HOU,35,35,33.7,5.4,13.9,0.388,1.3,3.3,0.376,4.1,10.5,0.391,0.433,3.6,4.5,0.801,0.6,3.8,4.4,5,1.2,0.4,2,1.1,15.6
283,Yao Ming*\mingya01,C,28,HOU,77,77,33.6,7.4,13.4,0.548,0,0,1,7.3,13.4,0.548,0.549,4.9,5.7,0.866,2.6,7.2,9.9,1.8,0.4,1.9,3,3.3,19.7
293,Dikembe Mutombo*\mutomdi01,C,42,HOU,9,2,10.7,0.6,1.4,0.385,0,0,,0.6,1.4,0.385,0.385,0.7,1,0.667,1.3,2.3,3.7,0,0,1.2,0.7,1.2,1.8
358,Luis Scola\scolalu01,PF,28,HOU,82,82,30.3,5.2,9.7,0.531,0,0,0,5.2,9.7,0.533,0.531,2.4,3.1,0.76,2.4,6.3,8.8,1.5,0.8,0.1,1.5,3.2,12.7
407,Von Wafer\wafervo01,SG,23,HOU,63,11,19.4,3.6,8.1,0.447,1,2.6,0.39,2.6,5.5,0.474,0.51,1.4,1.9,0.752,0.3,1.5,1.8,1.1,0.6,0.1,0.9,1.1,9.7
424,James White\whiteja02,SF,26,HOU,4,0,2.8,0.8,1.3,0.6,0.3,0.5,0.5,0.5,0.8,0.667,0.7,0,0,,0,0,0,0.3,0.3,0.3,0.8,0.5,1.8
437,Metta World Peace\artesro01,SF,29,HOU,69,55,35.5,6,15,0.401,2.2,5.6,0.399,3.8,9.5,0.402,0.475,2.8,3.8,0.748,0.9,4.3,5.2,3.3,1.5,0.3,2,2.2,17.1
34,Maceo Baston\bastoma01,PF,33,IND,27,0,8,0.9,1.7,0.543,0,0,0,0.9,1.7,0.556,0.543,0.6,1,0.63,0.8,1.1,1.9,0.3,0.2,0.4,0.4,1.4,2.5
100,Marquis Daniels\daniema01,SF,28,IND,54,43,31.5,5.8,12.8,0.451,0.3,1.7,0.2,5.4,11.1,0.489,0.464,1.7,2.4,0.721,1.5,3.1,4.6,2.1,1.1,0.5,1.7,2.2,13.6
109,Travis Diener\dienetr01,PG,26,IND,55,0,13.1,1.3,3.3,0.413,0.8,2.1,0.39,0.5,1.1,0.459,0.542,0.2,0.3,0.8,0.1,1.5,1.6,2.2,0.5,0.1,0.4,0.8,3.7
121,Mike Dunleavy\dunlemi02,SG,28,IND,18,14,27.5,5.2,12.9,0.401,1.8,5,0.356,3.4,7.9,0.43,0.47,2.9,3.6,0.815,0.8,3,3.8,2.4,0.7,0.5,2.1,2,15.1
135,T.J. Ford\fordtj01,PG,25,IND,74,49,30.5,5.6,12.3,0.452,0.5,1.4,0.337,5.1,10.9,0.467,0.472,3.3,3.8,0.872,0.8,2.7,3.5,5.3,1.2,0.2,2.4,2.4,14.9
136,Jeff Foster\fosteje01,C,32,IND,74,26,24.7,2.4,4.8,0.501,0,0.1,0.286,2.4,4.7,0.506,0.504,1.3,2,0.658,2.9,4,6.9,1.8,0.7,0.7,1.2,3.1,6.1
159,Stephen Graham\grahast01,SG,26,IND,52,6,13.2,2,4.9,0.414,0.4,1.3,0.303,1.7,3.7,0.453,0.453,1,1.2,0.806,0.4,1.4,1.8,0.6,0.2,0.1,0.9,1.6,5.4
160,Danny Granger\grangda01,SF,25,IND,67,66,36.2,8.5,19.1,0.447,2.7,6.7,0.404,5.8,12.3,0.47,0.518,6,6.9,0.878,0.7,4.4,5.1,2.7,1,1.4,2.5,3.1,25.8
181,Roy Hibbert\hibbero01,C,22,IND,70,42,14.4,2.8,6,0.471,0,0,,2.8,6,0.471,0.471,1.4,2.1,0.667,1.6,1.8,3.5,0.7,0.3,1.1,0.8,3.1,7.1
203,Jarrett Jack\jackja01,SG,25,IND,82,53,33.1,4.7,10.4,0.453,1,2.7,0.353,3.8,7.7,0.487,0.498,2.7,3.2,0.852,0.5,2.8,3.4,4.1,1.1,0.2,2.2,2.2,13.1
273,Josh McRoberts\mcrobjo01,PF,21,IND,33,0,8.5,1.1,2.5,0.422,0,0.3,0,1.1,2.2,0.479,0.422,0.3,0.4,0.769,0.8,1.5,2.2,0.5,0.4,0.5,0.4,1.2,2.4
291,Troy Murphy\murphtr01,PF,28,IND,73,73,34,5,10.5,0.475,2.2,4.9,0.45,2.8,5.6,0.496,0.58,2.1,2.5,0.826,2,9.8,11.8,2.4,0.8,0.5,1.6,3.1,14.3
298,Rasho Nesterovic\nestera01,C,32,IND,70,19,17.3,3.2,6.2,0.513,0,0,0,3.2,6.2,0.514,0.513,0.4,0.5,0.781,1.3,2.1,3.4,1.6,0.4,0.5,0.9,2.4,6.8
353,Brandon Rush\rushbr01,SG,23,IND,75,19,24,3.2,7.7,0.423,1,2.8,0.373,2.2,4.9,0.451,0.49,0.6,0.9,0.697,0.5,2.7,3.1,0.9,0.5,0.5,1,1.7,8.1
1,Alex Acker\ackeral01,SG,$26 ,LAC,18,0,9.9,1.4,3.6,0.4,0.4,0.9,0.438,1.1,2.7,0.388,0.454,0.2,0.4,0.5,0.4,0.8,1.2,0.6,0.2,0.2,0.4,0.5,3.5
75,Marcus Camby\cambyma01,C,34,LAC,62,55,31,4.1,8,0.512,0,0.1,0.25,4.1,7.9,0.514,0.513,2.1,2.9,0.725,2.6,8.5,11.1,2,0.8,2.1,1.5,2.1,10.3
87,Mardy Collins\collima01,PG,24,LAC,39,14,20.9,2.5,5.7,0.433,0.3,0.7,0.464,2.2,5,0.429,0.462,0.6,0.9,0.649,0.7,1.8,2.5,2.6,0.7,0.3,1.4,1.9,5.9
102,Baron Davis\davisba01,PG,29,LAC,65,60,34.6,5.5,14.8,0.37,1.5,5,0.302,3.9,9.7,0.406,0.422,2.4,3.2,0.757,0.7,3,3.7,7.7,1.7,0.5,3,3,14.9
104,Paul Davis\davispa01,PF,24,LAC,27,1,11.9,1.5,3.6,0.408,0,0,0,1.5,3.6,0.412,0.408,1,1.3,0.794,1,1.4,2.5,0.4,0.4,0.1,0.5,1.6,4
105,Ricky Davis\davisri01,SG,29,LAC,36,9,21.8,2.3,6.8,0.339,1,3.1,0.315,1.3,3.7,0.358,0.41,0.9,1,0.861,0.3,1.4,1.7,2.3,0.5,0.1,1.1,1.8,6.4
156,Eric Gordon\gordoer01,SG,20,LAC,78,65,34.3,5.3,11.6,0.456,1.7,4.3,0.389,3.6,7.2,0.496,0.529,3.8,4.5,0.854,0.6,2,2.6,2.8,1,0.4,2.1,2.2,16.1
172,Jason Hart\hartja01,PG,30,LAC,28,2,11.1,0.9,3,0.298,0,0.1,0,0.9,2.9,0.313,0.298,0.5,0.7,0.789,0.4,1.1,1.5,1.5,0.4,0.1,0.7,1.3,2.3
226,Fred Jones\jonesfr01,SF,29,LAC,52,21,28.8,2.5,6.1,0.407,1,2.8,0.367,1.4,3.3,0.441,0.492,1.3,1.6,0.815,0.4,2,2.4,3.6,1,0.2,1.3,2.2,7.3
229,DeAndre Jordan\jordade01,C,20,LAC,53,13,14.5,1.8,2.8,0.633,0,0,,1.8,2.8,0.633,0.633,0.8,2.1,0.385,1.4,3.1,4.5,0.2,0.2,1.1,0.8,1.8,4.3
230,Chris Kaman\kamanch01,C,26,LAC,31,24,29.7,5.2,9.8,0.528,0,0,,5.2,9.8,0.528,0.528,1.6,2.4,0.68,2.4,5.5,8,1.5,0.5,1.5,2.7,3,12
284,Cuttino Mobley\moblecu01,SG,33,LAC,11,11,33.2,5.7,13.3,0.432,1.1,3.2,0.343,4.6,10.1,0.459,0.473,1.2,1.6,0.722,0.8,1.8,2.6,1.1,1.4,0.2,1.6,1.9,13.7
302,Steve Novak\novakst01,PF,25,LAC,71,3,16.4,2.5,5.6,0.444,1.7,4,0.416,0.8,1.5,0.518,0.595,0.3,0.3,0.913,0.3,1.5,1.8,0.6,0.3,0.1,0.3,1,6.9
336,Zach Randolph\randoza01,PF,27,LAC,39,34,35.1,8.5,17.5,0.487,0.6,1.9,0.342,7.9,15.7,0.504,0.505,3.2,4.5,0.701,3,6.4,9.4,2.3,0.8,0.3,2.3,2.7,20.9
356,Cheikh Samb\sambch01,C,24,LAC,10,0,5.1,0.4,1.6,0.25,0,0.2,0,0.4,1.4,0.286,0.25,0.3,0.5,0.6,0.7,0.6,1.3,0,0.1,0.5,0.1,0.3,1.1
368,Brian Skinner\skinnbr01,PF,32,LAC,51,21,16.5,1.8,4,0.449,0,0,0,1.8,4,0.453,0.449,0.6,0.9,0.638,1.4,2.6,4,0.5,0.3,1,0.8,1.8,4.2
384,Mike Taylor\taylomi01,PG,23,LAC,51,5,15.1,2.2,5.2,0.412,0.3,0.8,0.325,1.9,4.5,0.427,0.436,1.1,1.6,0.691,0.4,1.3,1.7,2.1,0.7,0,1.4,1.6,5.7
390,Tim Thomas\thomati01,PF,31,LAC,10,5,22,3.4,9,0.378,0.6,2,0.3,2.8,7,0.4,0.411,2.1,3.4,0.618,1.4,3.2,4.6,1,0.3,0.1,1.4,2.6,9.5
393,Al Thornton\thornal01,SF,25,LAC,71,67,37.4,6.6,14.8,0.446,0.3,1.1,0.253,6.3,13.7,0.462,0.456,3.3,4.4,0.754,1.7,3.5,5.2,1.5,0.8,0.9,1.8,3.2,16.8
20,Trevor Ariza\arizatr01,SF,$23 ,LAL,82,20,24.4,3.3,7.3,0.46,0.7,2.3,0.319,2.6,4.9,0.526,0.511,1.5,2.1,0.71,1.4,2.9,4.3,1.8,1.7,0.3,1.1,2,8.9
67,Shannon Brown\brownsh01,SG,23,LAL,18,0,7.6,1.2,2.3,0.524,0.3,0.5,0.667,0.9,1.8,0.485,0.595,0.4,0.5,0.889,0.2,0.9,1.1,0.6,0.2,0.1,0.5,0.5,3.2
68,Kobe Bryant\bryanko01,SG,30,LAL,82,82,36.1,9.8,20.9,0.467,1.4,4.1,0.351,8.3,16.8,0.496,0.502,5.9,6.9,0.856,1.1,4.1,5.2,4.9,1.5,0.5,2.6,2.3,26.8
72,Andrew Bynum\bynuman01,C,21,LAL,50,50,28.9,5.6,10,0.56,0,0,,5.6,10,0.56,0.56,3,4.3,0.707,2.7,5.2,8,1.4,0.4,1.8,1.7,3.1,14.3
128,Jordan Farmar\farmajo01,PG,22,LAL,65,0,18.3,2.5,6.3,0.391,0.8,2.2,0.336,1.7,4.1,0.421,0.45,0.7,1.2,0.584,0.3,1.5,1.8,2.4,0.9,0.2,1.3,1.6,6.4
134,Derek Fisher\fishede01,PG,34,LAL,82,82,29.8,3.6,8.4,0.424,1.5,3.7,0.397,2.1,4.7,0.446,0.512,1.3,1.6,0.846,0.3,2,2.3,3.2,1.2,0.1,0.9,2.3,9.9
146,Pau Gasol\gasolpa01,C,28,LAL,81,81,37,7.3,12.9,0.567,0,0,0.5,7.3,12.9,0.567,0.567,4.2,5.4,0.781,3.2,6.4,9.6,3.5,0.6,1,1.9,2.1,18.9
200,Didier Ilunga-Mbenga\mbengdj01,C,28,LAL,23,0,7.9,1.2,2.5,0.474,0,0,0,1.2,2.4,0.482,0.474,0.3,0.3,0.875,0.4,1,1.3,0.4,0.4,1,0.6,1.4,2.7
275,Chris Mihm\mihmch01,C,29,LAL,18,0,5.8,0.8,2.2,0.375,0,0,,0.8,2.2,0.375,0.375,0.3,0.4,0.857,0.8,1.1,1.9,0.6,0.1,0.3,0.6,1.3,2
289,Adam Morrison\morriad01,SF,24,LAL,8,0,5.5,0.5,1.5,0.333,0.1,0.5,0.25,0.4,1,0.375,0.375,0.1,0.3,0.5,0.3,0.8,1,0.4,0,0,0.4,0.5,1.3
309,Lamar Odom\odomla01,PF,29,LAL,78,32,29.7,4.4,9,0.492,0.4,1.3,0.32,4,7.7,0.522,0.516,2.1,3.3,0.623,2.3,5.9,8.2,2.6,1,1.3,1.8,3,11.3
327,Josh Powell\poweljo01,PF,26,LAL,60,1,11.7,1.8,4,0.444,0,0,,1.8,4,0.444,0.444,0.6,0.8,0.76,1.2,1.8,2.9,0.5,0.2,0.3,0.9,1.6,4.2
333,Vladimir Radmanovic\radmavl01,SF,28,LAL,46,28,16.8,2.1,4.7,0.444,1.3,3,0.441,0.8,1.7,0.449,0.584,0.5,0.6,0.852,0.4,2.2,2.5,0.8,0.6,0.2,1,1.1,5.9
405,Sasha Vujacic\vujacsa01,SG,24,LAL,80,0,16.2,1.9,5,0.387,1,2.8,0.363,0.9,2.2,0.416,0.488,0.9,1,0.921,0.2,1.5,1.7,1.4,1,0.1,0.4,1.9,5.8
412,Luke Walton\waltolu01,SF,28,LAL,65,34,17.9,2.1,4.7,0.436,0.3,0.9,0.298,1.8,3.8,0.468,0.464,0.6,0.9,0.719,0.8,1.9,2.8,2.7,0.5,0.2,1.1,1.6,5
445,Sun Yue\yuesu01,SG,23,LAL,10,0,2.8,0.3,1.1,0.273,0,0.6,0,0.3,0.5,0.6,0.273,0,0,,0,0,0,0.2,0.1,0.1,0.3,1,0.6
22,Darrell Arthur\arthuda01,PF,20,MEM,76,64,19.3,2.5,5.7,0.438,0,0,0,2.5,5.7,0.44,0.438,0.5,0.8,0.667,1.4,3.1,4.6,0.6,0.7,0.7,0.6,2.7,5.6
69,Greg Buckner\buckngr01,SF,32,MEM,63,0,13.9,1,2.5,0.384,0.2,0.8,0.255,0.8,1.7,0.444,0.425,0.3,0.4,0.8,0.5,1.6,2.1,0.9,0.5,0.1,0.6,1.7,2.5
89,Mike Conley\conlemi01,PG,21,MEM,82,61,30.6,3.9,8.9,0.442,1.1,2.6,0.406,2.9,6.3,0.458,0.503,2,2.4,0.817,0.3,3.1,3.4,4.3,1.1,0.1,1.7,1.8,10.9
94,Javaris Crittenton\crittja01,SG,21,MEM,7,0,6.3,1,2.1,0.467,0,0.1,0,1,2,0.5,0.467,0.7,1.6,0.455,0.6,0.3,0.9,0.7,0.1,0,0.4,0.7,2.7
138,Adonal Foyle\foylead01,C,33,MEM,1,0,3,0,0,,0,0,,0,0,,,0,0,,0,0,0,0,0,0,0,1,0
145,Marc Gasol\gasolma01,C,24,MEM,82,75,30.7,4.3,8.1,0.53,0,0,0,4.3,8,0.53,0.53,3.4,4.6,0.733,2.5,4.9,7.4,1.7,0.8,1.1,2,3.2,11.9
147,Rudy Gay\gayru01,SF,22,MEM,79,78,37.3,7.2,16,0.453,1.1,3.1,0.351,6.2,12.9,0.477,0.487,3.3,4.4,0.767,1.4,4.2,5.5,1.7,1.2,0.7,2.6,2.8,18.9
166,Hamed Haddadi\haddaha01,C,23,MEM,19,0,6.3,0.8,1.6,0.484,0,0,,0.8,1.6,0.484,0.484,0.9,1.6,0.6,0.8,1.6,2.5,0.4,0.1,0.6,0.5,1.1,2.5
211,Marko Jaric\jaricma01,SG,30,MEM,53,0,11.4,0.9,2.7,0.331,0.2,0.5,0.393,0.7,2.2,0.316,0.369,0.5,0.8,0.707,0.4,0.8,1.2,1.4,0.5,0.2,0.9,1.2,2.6
250,Kyle Lowry\lowryky01,PG,22,MEM,49,21,21.9,2.3,5.6,0.412,0.3,1.4,0.246,1.9,4.1,0.468,0.443,2.6,3.3,0.801,0.3,2,2.3,3.6,1,0.2,1.6,1.8,7.6
266,O.J. Mayo\mayooj01,SG,21,MEM,82,82,38,6.9,15.6,0.438,1.8,4.6,0.384,5.1,11,0.461,0.495,3,3.4,0.879,0.7,3.1,3.8,3.2,1.1,0.2,2.8,2.5,18.5
277,Darius Miles\milesda01,SF,27,MEM,34,0,8.8,1.4,2.9,0.485,0,0.2,0.167,1.4,2.7,0.505,0.49,0.7,0.9,0.742,0.6,1.1,1.7,0.5,0.3,0.6,0.6,0.9,3.5
278,Darko Milicic\milicda01,C,23,MEM,61,15,17,2.2,4.4,0.515,0,0,,2.2,4.4,0.515,0.515,1,1.7,0.562,1.4,3,4.3,0.6,0.4,0.8,0.8,2.2,5.5
350,Quinton Ross\rossqu01,SF,27,MEM,68,7,17.1,1.5,3.8,0.382,0.5,1.3,0.375,1,2.5,0.386,0.446,0.5,0.6,0.81,0.4,1.4,1.9,0.7,0.5,0.2,0.5,1.7,3.9
413,Hakim Warrick\warriha01,PF,26,MEM,82,7,24.7,4.1,8.5,0.491,0.1,0.3,0.217,4.1,8.2,0.5,0.494,3.2,4.6,0.711,1.6,3.4,5,0.8,0.6,0.5,1.2,2.1,11.6
$18 ,Joel Anthony\anthojo01,C,$26 ,MIA,65,28,16.1,0.9,1.8,0.483,0,0,,0.9,1.8,0.483,0.483,0.5,0.7,0.652,1.4,1.7,3,0.4,0.3,1.4,0.6,2.1,2.2
27,Marcus Banks\banksma01,PG,27,MIA,16,0,10.4,0.9,2.4,0.385,0.1,0.9,0.143,0.8,1.6,0.52,0.41,0.6,0.9,0.667,0,0.9,0.9,1.4,0.6,0.1,0.7,1.3,2.6
39,Michael Beasley\beaslmi01,PF,20,MIA,81,19,24.8,5.6,11.8,0.472,0.4,1,0.407,5.2,10.8,0.478,0.49,2.3,3,0.772,1.4,4.1,5.4,1,0.5,0.5,1.5,2.3,13.9
48,Mark Blount\blounma01,C,33,MIA,20,0,10.4,1.5,3.9,0.385,0.6,1.4,0.407,1,2.6,0.373,0.455,0.4,0.7,0.615,0.5,1.6,2.1,0.2,0.1,0.4,0.7,0.9,4
81,Mario Chalmers\chalmma01,PG,22,MIA,82,82,32,3.4,8.1,0.42,1.4,3.8,0.367,2,4.3,0.467,0.506,1.8,2.4,0.767,0.5,2.3,2.8,4.9,2,0.1,2,2.9,10
91,Daequan Cook\cookda02,SF,21,MIA,75,4,24.4,3.2,8.6,0.375,2,5.3,0.387,1.2,3.3,0.356,0.494,0.7,0.7,0.875,0.3,2.3,2.5,0.9,0.5,0.1,0.6,1.7,9.1
108,Yakhouba Diawara\diawaya01,SF,26,MIA,63,21,13.5,1.2,3.4,0.35,0.8,2.6,0.313,0.4,0.9,0.463,0.468,0.2,0.3,0.526,0.4,0.9,1.3,0.4,0.2,0.1,0.3,1.2,3.4
173,Udonis Haslem\hasleud01,PF,28,MIA,75,75,34.1,4.4,8.6,0.518,0,0,,4.4,8.6,0.518,0.518,1.7,2.3,0.753,2.3,6,8.2,1.1,0.6,0.3,1.1,2.7,10.6
179,Luther Head\headlu01,SG,26,MIA,10,0,17.6,1.6,4.3,0.372,0.6,1.6,0.375,1,2.7,0.37,0.442,0.5,0.8,0.625,0.3,2.2,2.5,2.3,1.1,0.1,0.9,2.2,4.3
227,James Jones\jonesja02,SF,28,MIA,40,1,15.8,1.4,3.7,0.369,0.8,2.4,0.344,0.6,1.3,0.415,0.48,0.7,0.8,0.839,0.3,1.3,1.6,0.5,0.3,0.4,0.3,1.5,4.2
246,Shaun Livingston\livinsh01,PG,23,MIA,4,0,10.3,0.8,2,0.375,0,0,,0.8,2,0.375,0.375,0.8,1,0.75,0,0.5,0.5,1,0.5,0,0.8,1,2.3
254,Jamaal Magloire\magloja01,C,30,MIA,55,12,12.9,1.2,2.4,0.496,0,0,,1.2,2.4,0.496,0.496,0.5,1.1,0.483,1.5,2.5,4,0.4,0.2,0.5,0.6,2.2,2.9
256,Shawn Marion\mariosh01,SF,30,MIA,42,41,36.1,5.1,10.6,0.482,0.2,1,0.2,4.9,9.7,0.51,0.491,1.6,2,0.788,2.5,6.1,8.7,1.8,1.4,1.1,1.3,2.2,12
286,Jamario Moon\moonja01,SF,28,MIA,26,21,26.5,2.8,6,0.459,1,2.8,0.37,1.7,3.2,0.536,0.545,0.5,0.6,0.867,0.4,4.1,4.5,1,0.8,0.6,0.5,1.8,7.1
305,Jermaine O'Neal\onealje01,C,30,MIA,27,27,30,5.4,11.3,0.475,0,0,,5.4,11.3,0.475,0.475,2.2,3,0.75,2,3.3,5.4,2,0.4,2,1.9,3,13
332,Chris Quinn\quinnch01,PG,25,MIA,66,0,14.6,1.8,4.4,0.408,0.8,2.1,0.409,0.9,2.3,0.408,0.505,0.7,0.9,0.81,0.1,1,1.1,2,0.4,0,0.5,1.2,5.1
406,Dwyane Wade\wadedw01,SG,27,MIA,79,79,38.6,10.8,22,0.491,1.1,3.5,0.317,9.7,18.5,0.524,0.516,7.5,9.8,0.765,1.1,3.9,5,7.5,2.2,1.3,3.4,2.3,30.2
440,Dorell Wright\wrighdo01,SF,23,MIA,6,0,12.2,1.3,3.3,0.4,0,0,,1.3,3.3,0.4,0.4,0.3,1,0.333,0.3,3,3.3,0.3,0.3,0,1,1.3,3
$8 ,Joe Alexander\alexajo01,SF,$22 ,MIL,59,0,12.1,1.7,4.2,0.416,0.3,0.8,0.348,1.5,3.4,0.432,0.449,1,1.4,0.699,0.7,1.2,1.9,0.7,0.3,0.5,0.9,1.8,4.7
$9 ,Malik Allen\allenma01,PF,$30 ,MIL,49,3,11.8,1.5,3.5,0.429,0,0,0,1.5,3.4,0.432,0.429,0.2,0.4,0.476,0.7,1.4,2.1,0.7,0.1,0.2,0.4,1.8,3.2
41,Charlie Bell\bellch01,SG,29,MIL,70,23,25.5,3.1,7.5,0.414,1.2,3.4,0.363,1.9,4.1,0.458,0.497,0.9,1.1,0.825,0.5,1.5,1.9,2.2,0.7,0.1,1.1,2,8.4
49,Keith Bogans\boganke01,SG,28,MIL,29,0,16.7,1.9,5.1,0.376,1.1,3.2,0.348,0.8,2,0.421,0.483,1.1,1.1,0.939,0.6,2.6,3.1,1.1,0.7,0.1,0.8,1.5,6
50,Andrew Bogut\bogutan01,C,24,MIL,36,33,31.2,5.1,8.8,0.577,0,0,,5.1,8.8,0.577,0.577,1.6,2.7,0.571,3.3,7,10.3,2,0.6,1,2.4,3.6,11.7
95,Austin Croshere\croshau01,PF,33,MIL,11,0,7,1.1,2.7,0.4,0.5,1,0.455,0.6,1.7,0.368,0.483,0.6,1,0.636,0.6,1.5,2.2,0.5,0.1,0.1,0.4,0.4,3.3
124,Francisco Elson\elsonfr01,C,32,MIL,59,23,16.6,1.4,2.9,0.491,0,0.1,0.25,1.4,2.8,0.497,0.494,0.6,0.7,0.846,1.7,2.2,3.9,0.5,0.6,0.6,0.8,2.4,3.4
140,Dan Gadzuric\gadzuda01,C,30,MIL,67,26,14,1.7,3.6,0.48,0,0,0,1.7,3.6,0.483,0.48,0.6,1,0.544,1.4,2.4,3.8,0.6,0.5,0.6,0.6,2.4,4
151,Eddie Gill\gilled01,PG,30,MIL,6,0,7.2,1,1.5,0.667,0.3,0.5,0.667,0.7,1,0.667,0.778,0,0,,0,0.7,0.7,1.8,0.5,0.2,0.8,1.7,2.3
215,Richard Jefferson\jefferi01,SF,28,MIL,82,82,35.8,6.5,14.9,0.439,1.4,3.6,0.397,5.1,11.3,0.453,0.487,5.1,6.3,0.805,0.7,3.9,4.6,2.4,0.8,0.2,2,3.1,19.6
224,Damon Jones\jonesda01,PG,32,MIL,18,0,6,0.6,1.9,0.324,0.6,1.6,0.393,0,0.3,0,0.485,0,0,,0,0.3,0.3,0.4,0.2,0,0.3,0.2,1.8
251,Tyronn Lue\luety01,PG,31,MIL,30,0,13.1,1.8,4,0.454,0.7,1.5,0.467,1.1,2.5,0.446,0.542,0.4,0.5,0.75,0.2,1,1.2,1.5,0.2,0,0.7,1.4,4.7
267,Luc Mbah a Moute\mbahalu01,PF,22,MIL,82,52,25.8,2.8,6,0.462,0,0,0,2.8,5.9,0.466,0.462,1.7,2.3,0.729,2.3,3.6,5.9,1.1,1.1,0.5,1.2,2.5,7.2
338,Michael Redd\reddmi01,SG,29,MIL,33,32,36.5,7.5,16.6,0.455,2.1,5.8,0.366,5.4,10.8,0.503,0.519,4,4.9,0.814,0.7,2.5,3.2,2.7,1.1,0.1,1.6,1.4,21.2
343,Luke Ridnour\ridnolu01,PG,27,MIL,72,50,28.2,3.5,8.6,0.403,0.8,2.2,0.35,2.7,6.4,0.42,0.447,1.8,2.1,0.869,0.5,2.6,3,5.1,1.3,0.2,1.8,2.8,9.6
361,Ramon Sessions\sessira01,PG,22,MIL,79,39,27.5,4.4,9.8,0.445,0.1,0.4,0.176,4.3,9.4,0.457,0.449,3.6,4.5,0.794,0.8,2.6,3.4,5.7,1.1,0.1,1.9,2,12.4
403,Charlie Villanueva\villach01,PF,24,MIL,78,47,26.9,6.2,14,0.447,1.1,3.3,0.345,5.1,10.7,0.479,0.488,2.6,3.1,0.838,2,4.7,6.7,1.8,0.6,0.7,1.8,3.3,16.2
53,Calvin Booth\boothca01,C,32,MIN,1,0,1,0,0,,0,0,,0,0,,,0,0,,1,0,1,0,0,0,0,0,0
59,Corey Brewer\breweco01,SF,22,MIN,15,8,20.5,2.5,6,0.411,0.3,0.8,0.417,2.1,5.2,0.41,0.439,0.9,1.3,0.737,1.2,2.1,3.3,1.7,1,0.2,0.9,2.5,6.2
63,Bobby Brown\brownbo02,PG,24,MIN,21,1,12.2,2.2,5.4,0.416,0.7,1.7,0.389,1.6,3.7,0.429,0.478,0.4,0.4,0.889,0.3,0.5,0.8,1.4,0.3,0.1,0.8,1,5.5
76,Brian Cardinal\cardibr01,PF,31,MIN,64,4,14.2,1,2.6,0.385,0.5,1.4,0.326,0.5,1.2,0.455,0.473,0.5,0.5,0.857,0.6,1.6,2.2,1.2,0.6,0.2,0.8,2.1,3
77,Rodney Carney\carnero01,SG,24,MIN,67,6,17.9,2.6,6.3,0.416,1.2,3.4,0.35,1.4,2.9,0.492,0.509,0.7,1,0.758,0.5,1.3,1.9,0.4,0.7,0.4,0.6,1.4,7.2
86,Jason Collins\collija04,C,30,MIN,31,22,13.6,0.7,2.3,0.314,0,0,,0.7,2.3,0.314,0.314,0.4,0.9,0.464,0.9,1.4,2.3,0.4,0.3,0.4,0.4,2.4,1.8
137,Randy Foye\foyera01,SG,25,MIN,70,61,35.6,5.7,14,0.407,1.6,4.4,0.36,4.1,9.6,0.428,0.463,3.3,3.9,0.846,0.5,2.6,3.1,4.3,1,0.4,2.1,2.9,16.3
153,Ryan Gomes\gomesry01,SF,26,MIN,82,76,31.9,5.1,11.9,0.431,1.3,3.5,0.372,3.8,8.4,0.456,0.486,1.8,2.2,0.807,1.3,3.5,4.8,1.6,0.8,0.3,1.6,2.2,13.3
213,Al Jefferson\jeffeal01,C,24,MIN,50,50,36.7,9.7,19.5,0.497,0,0.1,0,9.7,19.4,0.499,0.497,3.7,5,0.738,3.4,7.5,11,1.6,0.8,1.7,1.8,2.8,23.1
249,Kevin Love\loveke01,C,20,MIN,81,37,25.3,3.9,8.5,0.459,0,0.2,0.105,3.9,8.3,0.469,0.461,3.3,4.1,0.789,3.4,5.7,9.1,1,0.4,0.6,1.5,2.5,11.1
252,Mark Madsen\madsema01,C,33,MIN,19,1,6.1,0.2,0.7,0.214,0,0,,0.2,0.7,0.214,0.214,0,0.2,0,0.5,0.4,0.9,0.2,0.1,0.1,0.2,0.9,0.3
268,Rashad McCants\mccanra01,SG,24,MIN,34,2,18.7,3.1,8.6,0.36,1.1,3.5,0.319,2,5.1,0.387,0.425,1.8,2.4,0.741,0.3,1.5,1.9,0.9,0.8,0.2,1.3,1.9,9.1
281,Mike Miller\millemi01,SF,28,MIN,73,47,32.3,3.6,7.5,0.482,1.2,3.1,0.378,2.5,4.4,0.554,0.559,1.5,2,0.732,1,5.6,6.6,4.5,0.4,0.4,2,1.9,9.9
312,Kevin Ollie\ollieke01,PG,36,MIN,50,21,17,1.2,3,0.407,0,0,0,1.2,3,0.409,0.407,1.6,1.9,0.833,0.3,1.2,1.5,2.3,0.4,0.1,0.7,1.6,4
369,Craig Smith\smithcr01,PF,25,MIN,74,31,19.7,3.9,6.9,0.562,0,0,0,3.9,6.9,0.563,0.562,2.3,3.4,0.677,1.3,2.5,3.8,1.1,0.4,0.3,1.4,2.5,10.1
385,Sebastian Telfair\telfase01,PG,23,MIN,75,43,27.9,3.6,9.3,0.383,1,2.8,0.346,2.6,6.5,0.399,0.435,1.7,2.1,0.819,0.4,1.3,1.7,4.6,1,0.2,1.9,2.5,9.8
436,Shelden Williams\willish02,PF,25,MIN,15,0,13.8,2,4.5,0.441,0,0,,2,4.5,0.441,0.441,0.9,1.4,0.667,1.6,3.4,5,0.3,0.7,0.5,0.5,1.9,4.9
$4 ,Maurice Ager\agerma01,SG,$24 ,NJN,20,0,4.9,0.8,2.2,0.349,0,0.3,0,0.8,1.9,0.405,0.349,0.2,0.4,0.5,0.2,0.4,0.5,0.2,0.1,0.1,0.2,0.9,1.7
$16 ,Ryan Anderson\anderry01,PF,$20 ,NJN,66,30,19.9,2.4,6.2,0.393,1,2.9,0.365,1.4,3.3,0.417,0.478,1.5,1.8,0.845,1.6,3.1,4.7,0.8,0.7,0.3,1,2.4,7.4
52,Josh Boone\boonejo01,C,24,NJN,62,7,16,1.8,3.5,0.528,0,0,,1.8,3.5,0.528,0.528,0.5,1.4,0.376,1.7,2.5,4.2,0.5,0.4,0.8,0.5,1.7,4.2
80,Vince Carter\cartevi01,SG,32,NJN,80,80,36.8,7.4,16.8,0.437,1.9,4.9,0.385,5.5,11.9,0.459,0.493,4.2,5.1,0.817,0.9,4.2,5.1,4.7,1,0.5,2.1,2.9,20.8
113,Keyon Dooling\doolike01,PG,28,NJN,77,18,26.9,3.4,7.8,0.436,1.3,3.1,0.421,2.1,4.7,0.446,0.519,1.6,2,0.825,0.3,1.7,2,3.5,0.9,0.1,1.4,1.8,9.7
116,Chris Douglas-Roberts\douglch01,SG,22,NJN,44,3,13.3,1.8,4,0.46,0.1,0.3,0.25,1.8,3.7,0.476,0.469,1.2,1.4,0.823,0.3,0.8,1.1,1.2,0.3,0.2,0.7,0.8,4.9
171,Devin Harris\harride01,PG,25,NJN,69,69,36.1,6.6,15.1,0.438,0.9,3.2,0.291,5.7,11.9,0.477,0.469,7.2,8.8,0.82,0.4,2.9,3.3,6.9,1.7,0.2,3.1,2.4,21.3
174,Trenton Hassell\hassetr01,SF,29,NJN,53,31,20.6,1.6,3.6,0.45,0,0.2,0.25,1.6,3.5,0.459,0.455,0.4,0.5,0.8,0.9,1.8,2.8,1,0.4,0.3,0.6,1.7,3.7
177,Jarvis Hayes\hayesja01,SF,27,NJN,74,1,24.8,3.5,7.8,0.445,1.3,3.3,0.385,2.2,4.5,0.489,0.527,0.5,0.7,0.692,0.4,3.2,3.6,0.7,0.7,0.1,0.7,2.2,8.7
217,Yi Jianlian\jianlyi01,PF,21,NJN,61,52,23.3,3.1,8.2,0.382,0.8,2.3,0.343,2.3,5.9,0.397,0.43,1.6,2,0.772,1.1,4.2,5.3,1,0.5,0.6,1.1,2.6,8.6
247,Brook Lopez\lopezbr01,C,20,NJN,82,75,30.5,5.5,10.3,0.531,0,0,0,5.5,10.3,0.532,0.531,2.1,2.6,0.793,2.7,5.4,8.1,1,0.5,1.8,1.8,3.1,13
294,Eduardo Najera\najered01,PF,32,NJN,27,0,11.8,1.2,2.7,0.446,0.2,0.9,0.2,1,1.8,0.571,0.48,0.3,0.8,0.364,0.6,1.9,2.5,0.7,0.4,0.1,0.7,1.9,2.9
363,Bobby Simmons\simmobo01,SF,28,NJN,71,44,24.4,2.8,6.2,0.449,1.6,3.7,0.447,1.1,2.5,0.453,0.582,0.6,0.8,0.741,1,2.9,3.9,1.3,0.7,0.1,0.9,2.6,7.8
382,Stromile Swift\swiftst01,PF,29,NJN,6,0,10.7,1.5,2.5,0.6,0,0,,1.5,2.5,0.6,0.6,0.8,1.8,0.455,0.8,1.3,2.2,0.2,0,0.3,1.2,2.5,3.8
434,Sean Williams\willise01,PF,22,NJN,33,0,11.1,0.9,2.2,0.417,0,0,,0.9,2.2,0.417,0.417,0.6,1,0.625,1,1.4,2.4,0.4,0.2,0.9,0.6,2.2,2.4
$21 ,Hilton Armstrong\armsthi01,C,$24 ,NOH,70,29,15.6,2,3.5,0.561,0,0,0,2,3.5,0.566,0.561,0.9,1.4,0.633,1.2,1.6,2.8,0.4,0.4,0.6,1.1,2.6,4.8
57,Ryan Bowen\bowenry01,SF,33,NOH,21,3,10.4,1,1.8,0.579,0,0,,1,1.8,0.579,0.579,0.1,0.2,0.6,0.5,0.7,1.1,0.4,0.7,0.2,0.2,1.8,2.2
65,Devin Brown\brownde02,SG,30,NOH,63,5,13.8,1.8,5,0.355,0.4,1.5,0.289,1.3,3.4,0.384,0.399,1.2,1.6,0.78,0.5,1.4,1.9,0.9,0.5,0.1,0.9,1.3,5.2
71,Rasual Butler\butlera01,SF,29,NOH,82,74,31.9,4.2,9.8,0.433,1.7,4.4,0.39,2.5,5.4,0.468,0.521,1,1.3,0.782,0.6,2.7,3.3,0.9,0.6,0.7,0.7,1.9,11.2
82,Tyson Chandler\chandty01,C,26,NOH,45,45,32.1,3.6,6.3,0.565,0,0,,3.6,6.3,0.565,0.565,1.7,3,0.579,3.6,5.1,8.7,0.5,0.3,1.2,1.6,3.2,8.8
99,Antonio Daniels\daniean01,PG,33,NOH,61,4,12,1.3,3.1,0.424,0.3,0.8,0.347,1,2.3,0.451,0.469,0.9,1.1,0.821,0.1,0.8,0.9,2.1,0.3,0,0.8,0.7,3.8
125,Melvin Ely\elyme01,C,30,NOH,31,4,12,1.2,3.1,0.389,0,0,,1.2,3.1,0.389,0.389,0.7,1.2,0.639,1,1.1,2.1,0.6,0.1,0.3,0.7,1.9,3.1
209,Mike James\jamesmi01,PG,33,NOH,8,0,9.3,1,3.1,0.32,0.4,0.5,0.75,0.6,2.6,0.238,0.38,0.1,0.3,0.5,0.1,0.8,0.9,1,0.3,0,0.4,0.9,2.5
257,Sean Marks\marksse01,C,33,NOH,60,5,14,1.3,2.8,0.485,0,0.2,0.2,1.3,2.6,0.503,0.491,0.5,0.7,0.682,1,2.1,3.1,0.2,0.1,0.6,0.6,2,3.2
317,Chris Paul\paulch01,PG,23,NOH,78,78,38.5,8.1,16.1,0.503,0.8,2.3,0.364,7.3,13.8,0.525,0.528,5.8,6.7,0.868,0.9,4.7,5.5,11,2.8,0.1,3,2.7,22.8
321,Morris Peterson\petermo01,SG,31,NOH,43,9,12,1.7,4.3,0.399,0.8,2,0.388,0.9,2.3,0.408,0.489,0.3,0.4,0.632,0.3,1.7,2,0.4,0.3,0,0.3,1.2,4.4
325,James Posey\poseyja01,SG,32,NOH,75,0,28.5,2.9,7,0.412,1.5,4.2,0.369,1.3,2.8,0.476,0.523,1.6,1.9,0.822,0.5,4.3,4.8,1.1,0.8,0.3,1.1,2.9,8.9
378,Peja Stojakovic\stojape01,SF,31,NOH,61,59,34.2,4.7,11.8,0.399,2.4,6.3,0.378,2.3,5.5,0.424,0.5,1.5,1.7,0.894,0.7,3.6,4.3,1.2,0.9,0,0.8,1.7,13.3
419,David West\westda01,PF,28,NOH,76,76,39.2,8,17,0.472,0.1,0.3,0.24,7.9,16.7,0.477,0.474,4.8,5.5,0.884,2.1,6.4,8.5,2.3,0.6,0.9,2.1,2.7,21
441,Julian Wright\wrighju01,SF,21,NOH,54,19,14.3,2,4.3,0.466,0,0.4,0.095,2,3.9,0.502,0.47,0.3,0.6,0.567,0.9,2,2.8,0.8,0.6,0.4,0.8,0.9,4.4
83,Wilson Chandler\chandwi01,SF,21,NYK,82,70,33.4,5.5,12.9,0.432,1.3,3.8,0.328,4.3,9,0.476,0.481,2.1,2.6,0.795,1.1,4.3,5.4,2.1,0.9,0.9,1.7,3,14.4
87,Mardy Collins\collima01,SG,24,NYK,9,0,8.3,0.9,2.6,0.348,0,0.3,0,0.9,2.2,0.4,0.348,0.4,1,0.444,0.2,0.7,0.9,1.1,0.2,0,0.6,0.8,2.2
92,Jamal Crawford\crawfja01,SG,28,NYK,11,11,35.6,6.6,15.4,0.432,3.2,7,0.455,3.5,8.4,0.413,0.536,3.2,4.2,0.761,0.2,1.4,1.5,4.4,0.8,0,2.4,1.2,19.6
93,Joe Crawford\crawfjo01,SF,22,NYK,2,0,11.5,1.5,5,0.3,0.5,2,0.25,1,3,0.333,0.35,1,1,1,0.5,1.5,2,0.5,0.5,0,0,1,4.5
96,Eddy Curry\curryed01,C,26,NYK,3,0,4,0.7,0.7,1,0,0,,0.7,0.7,1,1,0.3,1,0.333,0,1.3,1.3,0,0,0,0.7,1.7,1.7
119,Chris Duhon\duhonch01,PG,26,NYK,79,78,36.8,3.6,8.6,0.421,1.6,4.1,0.391,2,4.5,0.449,0.515,2.3,2.6,0.856,0.6,2.5,3.1,7.2,0.9,0.1,2.8,1.6,11.1
141,Danilo Gallinari\gallida01,SG,20,NYK,28,2,14.7,2,4.5,0.448,1.1,2.6,0.444,0.9,1.9,0.453,0.576,0.9,1,0.963,0.5,1.5,2,0.5,0.5,0.1,0.5,1.7,6.1
170,Al Harrington\harrial01,PF,28,NYK,68,51,35,7.5,16.8,0.446,2.4,6.5,0.362,5.1,10.3,0.499,0.516,3.4,4.2,0.804,1.3,5,6.3,1.4,1.2,0.3,2.3,3.1,20.7
194,Larry Hughes\hughela01,SG,30,NYK,25,14,27.5,3.9,10,0.39,1.4,3.6,0.385,2.5,6.3,0.392,0.46,2,2.5,0.794,0.4,2.2,2.6,2.4,1.4,0.2,1.4,1.8,11.2
207,Jerome James\jamesje01,C,33,NYK,2,0,5,1.5,4,0.375,0,0,,1.5,4,0.375,0.375,0,0,,0.5,1,1.5,0,0.5,0.5,0.5,1,3
216,Jared Jeffries\jeffrja01,SF,27,NYK,56,36,23.4,2.1,4.9,0.44,0,0.2,0.083,2.1,4.7,0.456,0.441,1,1.6,0.611,2.3,1.8,4.1,1.4,0.8,0.6,1.2,2.7,5.3
244,David Lee\leeda02,C,25,NYK,81,74,34.9,6.4,11.7,0.549,0,0,0,6.4,11.7,0.551,0.549,3.1,4.1,0.755,3.2,8.6,11.7,2.1,1,0.3,1.9,3.2,16
299,Demetris Nichols\nichode01,SF,24,NYK,2,0,4.5,1,2.5,0.4,0,0.5,0,1,2,0.5,0.4,0.5,1,0.5,0,1,1,0,0,0.5,0,0,2.5
336,Zach Randolph\randoza01,C,27,NYK,11,11,35.3,7.5,17.2,0.434,0.6,2.2,0.292,6.8,15,0.455,0.452,5,6.1,0.821,3.6,8.8,12.5,1.4,1.2,0.3,2.1,2.5,20.5
342,Quentin Richardson\richaqu01,SG,28,NYK,72,51,26.3,3.6,9.3,0.393,1.7,4.6,0.365,2,4.7,0.42,0.483,1.2,1.6,0.761,1,3.4,4.4,1.6,0.7,0.1,1,1.8,10.2
344,Anthony Roberson\roberan02,PG,25,NYK,23,0,11,1.7,4.5,0.379,1,3.1,0.338,0.7,1.4,0.469,0.495,0.2,0.2,1,0.2,0.5,0.7,0.8,0.4,0,0.3,0.8,4.7
345,Nate Robinson\robinna01,PG,24,NYK,74,11,29.9,6.1,13.9,0.437,1.7,5.2,0.325,4.4,8.7,0.504,0.498,3.4,4,0.841,1.3,2.6,3.9,4.1,1.3,0.1,1.9,2.8,17.2
349,Malik Rose\rosema01,PF,34,NYK,18,0,8.9,0.6,2.3,0.268,0,0.2,0,0.6,2.1,0.297,0.268,0.4,0.6,0.727,0.2,1.5,1.7,0.6,0.1,0.1,0.9,1.3,1.7
356,Cheikh Samb\sambch01,C,24,NYK,2,0,4,0,1.5,0,0,0,,0,1.5,0,0,0,1,0,0.5,0.5,1,0,0,0,0,0,0
360,Mouhamed Sene\senesa01,C,22,NYK,1,0,6,1,2,0.5,0,0,,1,2,0.5,0.5,1,1,1,2,3,5,0,0,1,1,0,3
365,Courtney Sims\simsco01,C,25,NYK,1,0,11,3,6,0.5,0,0,,3,6,0.5,0.5,0,0,,2,2,4,0,0,0,0,1,6
390,Tim Thomas\thomati01,PF,31,NYK,36,1,21.5,3.3,7.2,0.461,1.5,3.5,0.421,1.8,3.7,0.5,0.564,1.5,1.9,0.806,0.6,2.6,3.1,1.3,0.6,0.3,1.3,2.5,9.6
425,Chris Wilcox\wilcoch01,C,26,NYK,25,0,13.2,2.2,4.1,0.529,0,0,0,2.2,4,0.535,0.529,1.1,2.1,0.509,1.2,2,3.3,0.6,0.3,0.2,0.8,1.9,5.4
23,Chucky Atkins\atkinch01,PG,34,OKC,19,0,15.6,1.3,4.5,0.291,0.5,2.1,0.25,0.8,2.4,0.326,0.349,0.6,0.6,0.917,0.3,0.7,0.9,1.6,0.4,0.1,0.7,1.2,3.7
88,Nick Collison\collini01,C,28,OKC,71,40,25.8,3.4,6,0.568,0,0,0,3.4,6,0.57,0.568,1.4,1.9,0.721,2.5,4.3,6.9,0.9,0.7,0.7,1,3.4,8.2
122,Kevin Durant\duranke01,SF,20,OKC,74,74,39,8.9,18.8,0.476,1.3,3.1,0.422,7.6,15.7,0.486,0.51,6.1,7.1,0.863,1,5.5,6.5,2.8,1.3,0.7,3,1.8,25.3
163,Jeff Green\greenje02,PF,22,OKC,78,78,36.8,6.1,13.7,0.446,1.2,3.2,0.389,4.9,10.5,0.463,0.491,3.1,3.9,0.788,1.5,5.1,6.7,2,1,0.4,2.2,2.6,16.5
186,Steven Hill\hillst01,PF,23,OKC,1,0,2,1,1,1,0,0,,1,1,1,1,0,0,,2,1,3,0,0,0,0,0,2
239,Nenad Krstic\krstine01,C,25,OKC,46,29,24.8,4.2,8.8,0.469,0,0,,4.2,8.8,0.469,0.469,1.4,1.7,0.797,1.8,3.7,5.5,0.6,0.5,1.1,1,2.5,9.7
246,Shaun Livingston\livinsh01,PG,23,OKC,8,1,23.8,3.5,6.5,0.538,0,0,,3.5,6.5,0.538,0.538,0.8,0.8,1,0.4,2.9,3.3,2,0.6,0.3,0.8,1,7.8
262,Desmond Mason\masonde01,SG,31,OKC,39,19,27.3,3.2,7.3,0.435,0,0.1,0,3.2,7.2,0.44,0.435,1.2,2.2,0.541,1.1,3,4,1.2,0.4,0.8,1.4,2.5,7.5
322,Johan Petro\petrojo01,C,23,OKC,22,12,15.5,2.1,5.1,0.407,0,0,0,2.1,5.1,0.411,0.407,0.5,0.7,0.667,1.2,3.1,4.3,0.3,0.7,0.2,0.7,2.3,4.6
349,Malik Rose\rosema01,SF,34,OKC,20,0,15.5,1.7,4.5,0.378,0,0.2,0,1.7,4.4,0.391,0.378,1.6,2,0.8,0.7,2.6,3.3,1.3,0.5,0.1,1,2.4,5
359,Thabo Sefolosha\sefolth01,SG,24,OKC,23,22,31.2,3.2,7.6,0.417,0.4,1.6,0.243,2.8,6,0.464,0.443,1.7,2.1,0.833,1.2,4,5.2,2,1.7,1.1,1.2,2.3,8.5
360,Mouhamed Sene\senesa01,C,22,OKC,5,0,4.6,1,1.4,0.714,0,0,,1,1.4,0.714,0.714,1.4,1.8,0.778,0.6,1.2,1.8,0,0.2,0.4,0.6,0.4,3.4
371,Joe Smith\smithjo02,C,33,OKC,36,3,19.2,2.8,6.1,0.454,0.1,0.1,0.5,2.7,5.9,0.453,0.459,1.1,1.5,0.704,1.5,3.1,4.5,0.7,0.3,0.7,0.4,2,6.6
381,Robert Swift\swiftro01,C,23,OKC,26,10,13.2,1.4,2.7,0.521,0,0,,1.4,2.7,0.521,0.521,0.5,0.6,0.75,0.8,2.6,3.4,0.3,0.2,0.7,0.3,1.9,3.3
415,Earl Watson\watsoea01,PG,29,OKC,68,18,26.1,2.6,6.7,0.384,0.3,1.3,0.235,2.3,5.4,0.418,0.406,1.2,1.6,0.755,0.5,2.2,2.7,5.8,0.7,0.2,2.3,2,6.6
416,Kyle Weaver\weaveky01,SG,22,OKC,56,19,20.8,2,4.4,0.459,0.6,1.7,0.344,1.4,2.7,0.529,0.524,0.7,1,0.707,0.6,1.8,2.3,1.8,0.8,0.4,1.2,1.4,5.3
422,Russell Westbrook\westbru01,PG,20,OKC,82,65,32.5,5.3,13.4,0.398,0.4,1.6,0.271,4.9,11.8,0.415,0.414,4.3,5.2,0.815,2.2,2.7,4.9,5.3,1.3,0.2,3.3,2.3,15.3
423,D.J. White\whitedj01,PF,22,OKC,7,0,18.6,3.7,7.1,0.52,0,0,,3.7,7.1,0.52,0.52,1.4,1.9,0.769,1.4,3.1,4.6,0.9,0.4,0.7,0.4,1.4,8.9
425,Chris Wilcox\wilcoch01,C,26,OKC,37,6,19.4,3.5,7.2,0.485,0,0.1,0,3.5,7.2,0.491,0.485,1.4,2.4,0.598,1.8,3.5,5.3,0.9,0.5,0.3,1.5,2.4,8.4
426,Damien Wilkins\wilkida02,SG,29,OKC,41,14,15.5,1.9,5.2,0.362,0.7,1.8,0.375,1.2,3.4,0.355,0.425,0.9,1.1,0.804,0.5,1.2,1.7,0.9,0.5,0.2,0.9,1.3,5.3
$13 ,Rafer Alston\alstora01,PG,$32 ,ORL,29,28,29.5,4.2,10.3,0.413,1.1,3.5,0.317,3.1,6.8,0.462,0.466,2.4,3.4,0.707,0.3,2.6,2.9,5.1,1.8,0.1,1.8,2.2,12
35,Tony Battie\battito01,PF,32,ORL,77,3,15.6,2.1,4.2,0.489,0,0.1,0.222,2,4.1,0.497,0.492,0.7,1.1,0.659,1.2,2.4,3.6,0.4,0.3,0.3,0.6,1.5,4.8
49,Keith Bogans\boganke01,SG,28,ORL,36,15,21.9,1.8,4.9,0.36,1.2,3.5,0.333,0.6,1.4,0.429,0.48,0.6,0.7,0.875,0.4,2.7,3.1,0.9,0.6,0.1,0.5,1.7,5.3
90,Brian Cook\cookbr01,PF,28,ORL,21,0,7,1.1,2.9,0.383,0.5,1.2,0.44,0.6,1.7,0.343,0.475,0.2,0.3,0.833,0.3,1,1.3,0.2,0.1,0,0.5,1.1,3
138,Adonal Foyle\foylead01,C,33,ORL,9,0,6.6,0.8,1.2,0.636,0,0,,0.8,1.2,0.636,0.636,0.3,0.7,0.5,1,1.9,2.9,0.1,0,0.9,0.3,0.4,1.9
157,Marcin Gortat\gortama01,PF,24,ORL,63,3,12.6,1.7,3,0.567,0,0,1,1.7,3,0.565,0.57,0.4,0.7,0.578,1.5,3,4.5,0.2,0.3,0.8,0.4,1.8,3.8
191,Dwight Howard\howardw01,C,23,ORL,79,79,35.7,7.1,12.4,0.572,0,0,0,7.1,12.4,0.573,0.572,6.4,10.7,0.594,4.3,9.6,13.8,1.4,1,2.9,3,3.4,20.6
219,Anthony Johnson\johnsan02,PG,34,ORL,80,12,18.5,1.9,4.8,0.404,0.7,1.7,0.391,1.3,3.1,0.411,0.472,0.8,1,0.753,0.4,1.5,1.8,2.5,0.6,0.1,1,1.4,5.3
243,Courtney Lee\leeco01,SG,23,ORL,77,42,25.2,3.2,7,0.45,1.1,2.6,0.404,2.1,4.4,0.478,0.526,1,1.2,0.83,0.2,2.1,2.3,1.2,1,0.2,0.9,2,8.4
245,Rashard Lewis\lewisra02,PF,29,ORL,79,79,36.2,6.1,13.8,0.439,2.8,7,0.397,3.3,6.8,0.482,0.54,2.8,3.4,0.836,1.2,4.6,5.7,2.6,1,0.6,2,2.5,17.7
251,Tyronn Lue\luety01,PG,31,ORL,14,0,9.2,1.2,3.1,0.395,0.4,1.2,0.353,0.8,1.9,0.423,0.465,0.1,0.2,0.667,0,0.8,0.8,1,0.1,0,0.1,0.9,3
297,Jameer Nelson\nelsoja01,PG,26,ORL,42,42,31.2,6.4,12.6,0.503,2,4.3,0.453,4.4,8.3,0.529,0.58,2,2.3,0.887,0.5,3,3.5,5.4,1.2,0.1,2,2.9,16.7
324,Mickael Pietrus\pietrmi01,SG,26,ORL,54,25,24.6,3.3,7.9,0.413,1.5,4.1,0.359,1.8,3.8,0.473,0.507,1.4,2,0.709,0.8,2.4,3.3,1.2,0.6,0.4,1,2.3,9.4
339,J.J. Redick\redicjj01,SG,24,ORL,64,5,17.4,1.8,4.7,0.391,1,2.8,0.374,0.8,1.9,0.417,0.503,1.3,1.5,0.871,0.1,1.6,1.7,1.1,0.3,0,0.8,1.1,6
341,Jeremy Richardson\richaje01,SF,24,ORL,12,0,7.8,1.2,4.1,0.286,0.5,1.4,0.353,0.7,2.7,0.25,0.347,0.3,0.5,0.5,0.1,1.1,1.2,0.3,0,0,0.3,0.5,3.1
397,Hedo Turkoglu\turkohe01,SF,29,ORL,77,77,36.6,5.5,13.3,0.413,1.7,4.9,0.356,3.8,8.4,0.445,0.478,4.1,5.1,0.807,0.6,4.7,5.3,4.9,0.8,0.2,2.6,2.8,16.8
58,Elton Brand\brandel01,PF,29,PHI,29,23,31.7,5.6,12.6,0.447,0,0,,5.6,12.6,0.447,0.447,2.5,3.7,0.676,2.7,6.1,8.8,1.3,0.6,1.6,2.3,2.7,13.8
97,Samuel Dalembert\dalemsa01,C,27,PHI,82,82,24.8,2.6,5.3,0.498,0,0,0,2.6,5.3,0.5,0.498,1.1,1.5,0.734,2.6,5.9,8.5,0.2,0.4,1.8,1.4,3,6.4
127,Reggie Evans\evansre01,PF,28,PHI,79,7,14.4,1,2.3,0.444,0,0,0,1,2.2,0.446,0.444,1.3,2.2,0.594,1.7,2.9,4.6,0.3,0.5,0.1,0.9,2,3.3
164,Willie Green\greenwi01,SG,27,PHI,81,60,22.6,3.5,8.1,0.435,0.6,2,0.317,2.9,6.1,0.473,0.473,0.8,1,0.729,0.4,1.2,1.6,2,0.7,0.2,0.8,1.9,8.5
198,Andre Iguodala\iguodan01,SF,25,PHI,82,82,39.9,6.6,14,0.473,1,3.2,0.307,5.6,10.8,0.521,0.507,4.6,6.4,0.724,1.1,4.6,5.7,5.3,1.6,0.4,2.7,1.9,18.8
202,Royal Ivey\iveyro01,SG,27,PHI,71,0,12.1,1,2.9,0.332,0.5,1.6,0.342,0.4,1.3,0.319,0.425,0.5,0.6,0.791,0.3,0.8,1.1,0.6,0.5,0.1,0.3,1.1,3
258,Donyell Marshall\marshdo01,PF,35,PHI,25,0,7.6,1.3,2.9,0.452,1,2.2,0.455,0.3,0.7,0.444,0.623,0.1,0.2,0.5,0.2,1.4,1.6,0.6,0.2,0.2,0.2,1,3.8
279,Andre Miller\millean02,PG,32,PHI,82,82,36.3,6,12.7,0.473,0.2,0.6,0.283,5.8,12,0.483,0.48,4.1,5,0.826,1.5,3,4.5,6.5,1.3,0.2,2.4,2.4,16.3
337,Theo Ratliff\ratlith01,C,35,PHI,46,0,12.6,0.7,1.4,0.531,0,0,,0.7,1.4,0.531,0.531,0.5,0.8,0.6,1,1.8,2.8,0.2,0.4,1,0.3,1.7,1.9
354,Kareem Rush\rushka01,SG,28,PHI,25,1,8,0.8,2.3,0.345,0.4,1.3,0.303,0.4,1,0.4,0.431,0.2,0.2,1,0,0.6,0.6,0.6,0.2,0,0.4,0.4,2.2
375,Marreese Speights\speigma01,C,21,PHI,79,2,16,3.2,6.4,0.502,0,0.1,0.25,3.2,6.3,0.506,0.504,1.3,1.7,0.773,1.6,2.2,3.7,0.4,0.3,0.7,0.6,2.3,7.7
429,Lou Williams\willilo02,SG,22,PHI,81,0,23.7,4.1,10.4,0.398,0.8,2.7,0.286,3.4,7.7,0.438,0.435,3.8,4.8,0.79,0.4,1.6,2,3,1,0.2,1.9,1.6,12.8
444,Thaddeus Young\youngth01,PF,20,PHI,75,71,34.4,6.3,12.8,0.495,0.7,2.2,0.341,5.6,10.6,0.526,0.524,1.9,2.5,0.735,1.9,3.2,5,1.1,1.3,0.3,1.6,2.2,15.3
14,Lou Amundson\amundlo01,PF,$26 ,PHO,76,0,13.7,1.8,3.3,0.536,0,0,0,1.8,3.3,0.538,0.536,0.7,1.6,0.442,1.7,1.9,3.6,0.4,0.4,0.9,0.7,2,4.2
28,Leandro Barbosa\barbole01,SG,26,PHO,70,11,24.4,5.2,10.8,0.482,1.3,3.4,0.375,3.9,7.4,0.532,0.542,2.4,2.8,0.881,0.5,2.1,2.6,2.3,1.2,0.1,1.3,1.6,14.2
31,Matt Barnes\barnema02,PF,28,PHO,77,40,27,3.7,8.8,0.423,1.5,4.4,0.343,2.2,4.3,0.505,0.51,1.3,1.8,0.743,1,4.4,5.5,2.8,0.7,0.3,1.7,2.7,10.2
42,Raja Bell\bellra01,SG,32,PHO,22,22,32.4,3.5,8,0.429,2,4.3,0.468,1.5,3.8,0.386,0.554,0.7,1,0.762,0.4,2.5,2.9,1.3,0.6,0.1,0.8,2.6,9.6
64,Dee Brown\brownde03,PG,24,PHO,2,0,14,0.5,2.5,0.2,0.5,2,0.25,0,0.5,0,0.3,1,1,1,0,0.5,0.5,1.5,0,0,1.5,3,2.5
107,Boris Diaw\diawbo01,PF,26,PHO,22,0,24.5,3.6,6.4,0.567,0.2,0.6,0.357,3.4,5.8,0.591,0.585,0.8,1.2,0.692,1.1,2.7,3.8,2.1,0.5,0.4,1.7,1.8,8.3
117,Goran Dragic\dragigo01,PG,22,PHO,55,1,13.2,1.6,4.1,0.393,0.4,1,0.37,1.2,3.1,0.4,0.438,0.9,1.2,0.769,0.6,1.3,1.9,2,0.5,0.1,1.3,1.6,4.5
118,Jared Dudley\dudleja01,SF,23,PHO,48,0,15.2,1.9,3.9,0.481,0.5,1.4,0.394,1.4,2.6,0.528,0.55,1.2,1.7,0.691,1.2,1.9,3,0.8,0.8,0.1,0.7,1.4,5.5
185,Grant Hill*\hillgr01,SF,36,PHO,82,68,29.8,4.8,9.1,0.523,0.3,0.9,0.316,4.5,8.2,0.547,0.54,2.2,2.7,0.808,0.8,4.2,4.9,2.3,1.1,0.7,1.5,2.2,12
248,Robin Lopez\lopezro01,C,20,PHO,60,7,10.2,1.2,2.3,0.518,0,0,0,1.2,2.3,0.522,0.518,0.8,1.1,0.691,0.9,1.1,2,0.1,0.2,0.7,0.5,1.6,3.2
295,Steve Nash*\nashst01,PG,34,PHO,74,74,33.6,5.8,11.5,0.503,1.5,3.3,0.439,4.3,8.2,0.529,0.566,2.6,2.8,0.933,0.3,2.8,3,9.7,0.7,0.1,3.4,1.5,15.7
306,Shaquille O'Neal*\onealsh01,C,36,PHO,75,75,30,6.8,11.2,0.609,0,0,0,6.8,11.2,0.61,0.609,4.1,6.9,0.595,2.5,5.9,8.4,1.7,0.7,1.4,2.2,3.4,17.8
340,Jason Richardson\richaja01,SG,28,PHO,58,57,33.1,6.3,13,0.488,1.8,4.6,0.383,4.6,8.4,0.545,0.556,1.9,2.5,0.778,1.1,3.4,4.5,1.9,1.1,0.4,1.2,1.8,16.4
365,Courtney Sims\simsco01,C,25,PHO,1,0,2,0,0,,0,0,,0,0,,,0,0,,0,0,0,0,0,0,1,0,0
366,Sean Singletary\singlse01,PG,23,PHO,13,1,9.4,0.9,2.8,0.324,0.3,0.8,0.4,0.6,2.1,0.296,0.378,0.5,0.5,1,0.4,0.8,1.2,0.9,0.5,0,0.4,1.1,2.6
379,Amar'e Stoudemire\stoudam01,PF,26,PHO,53,53,36.8,7.6,14.1,0.539,0.1,0.1,0.429,7.6,14,0.54,0.541,6.1,7.3,0.835,2.2,5.9,8.1,2,0.9,1.1,2.8,3.1,21.4
382,Stromile Swift\swiftst01,PF,29,PHO,13,0,9.3,1.2,3.2,0.366,0.1,0.1,1,1.1,3.1,0.35,0.378,0.6,1.2,0.533,0.8,1.7,2.5,0.2,0.3,0.5,0.7,1.9,3
395,Alando Tucker\tuckeal02,SG,24,PHO,30,1,9.4,1.7,4,0.43,0.3,0.8,0.348,1.5,3.3,0.449,0.463,0.9,1.1,0.788,0.6,0.4,1,0.4,0.2,0,0.5,0.5,4.6
$7 ,LaMarcus Aldridge\aldrila01,PF,$23 ,POR,81,81,37.1,7.4,15.3,0.484,0.1,0.3,0.25,7.3,15,0.489,0.486,3.2,4.1,0.781,2.9,4.6,7.5,1.9,1,1,1.5,2.6,18.1
37,Nicolas Batum\batumni01,SF,20,POR,79,76,18.4,2,4.6,0.446,0.8,2.1,0.369,1.3,2.4,0.513,0.532,0.5,0.7,0.808,1.1,1.7,2.8,0.9,0.6,0.5,0.6,1.8,5.4
38,Jerryd Bayless\bayleje01,PG,20,POR,53,0,12.4,1.3,3.6,0.365,0.1,0.5,0.259,1.2,3.1,0.383,0.384,1.6,1.9,0.806,0.2,0.9,1.1,1.5,0.3,0,1.1,1.5,4.3
46,Steve Blake\blakest01,PG,28,POR,69,69,31.7,4,9.4,0.428,2,4.8,0.427,2,4.6,0.429,0.536,0.9,1.1,0.84,0.4,2.1,2.5,5,1,0.1,1.6,1.8,11
110,Ike Diogu\dioguik01,PF,25,POR,19,0,3.8,0.3,1,0.316,0,0,,0.3,1,0.316,0.316,0.8,1.1,0.75,0.6,0.3,0.9,0,0.1,0.1,0.3,0.5,1.4
131,Rudy Fernandez\fernaru01,SG,23,POR,78,4,25.6,3.4,8.1,0.425,2,5.1,0.399,1.4,3,0.47,0.552,1.5,1.8,0.839,0.6,2.1,2.7,2,0.9,0.2,1.1,1.4,10.4
139,Channing Frye\fryech01,PF,25,POR,63,1,11.8,1.8,4.2,0.423,0.2,0.5,0.333,1.6,3.7,0.436,0.444,0.4,0.6,0.722,0.7,1.6,2.2,0.4,0.3,0.3,0.5,1.7,4.2
308,Greg Oden\odengr01,C,21,POR,61,39,21.5,3.2,5.8,0.564,0,0,,3.2,5.8,0.564,0.564,2.4,3.7,0.637,2.8,4.2,7,0.5,0.4,1.1,1.4,3.9,8.9
313,Travis Outlaw\outlatr01,SF,24,POR,81,6,27.7,4.8,10.5,0.453,1.1,2.9,0.377,3.7,7.6,0.482,0.505,2.2,3,0.723,0.9,3.2,4.1,1,0.6,0.7,1.2,2.1,12.8
331,Joel Przybilla\przybjo01,C,29,POR,82,43,23.8,2,3.3,0.625,0,0,0,2,3.3,0.627,0.625,1.4,2.1,0.663,2.5,6.3,8.7,0.3,0.4,1.2,1,2.6,5.5
335,Shavlik Randolph\randosh01,PF,25,POR,10,0,3.7,0.8,1.3,0.615,0.1,0.1,1,0.7,1.2,0.583,0.654,0.1,0.4,0.25,1,0.8,1.8,0,0,0.1,0.6,0.4,1.8
346,Sergio Rodriguez\rodrise01,PG,22,POR,80,13,15.3,1.6,4.1,0.392,0.5,1.4,0.325,1.2,2.7,0.428,0.448,0.8,1,0.792,0.5,1.1,1.6,3.6,0.7,0,1.5,1.7,4.5
351,Brandon Roy\roybr01,SG,24,POR,78,78,37.2,8.1,16.9,0.48,1.1,2.8,0.377,7.1,14.1,0.501,0.512,5.3,6.5,0.824,1.3,3.4,4.7,5.1,1.1,0.3,1.9,1.6,22.6
352,Michael Ruffin\ruffimi01,PF,32,POR,11,0,3.2,0.2,0.6,0.286,0,0,,0.2,0.6,0.286,0.286,0.2,0.2,1,0.5,0.5,1,0,0.3,0.1,0.2,0.6,0.5
417,Martell Webster\webstma02,SF,22,POR,1,0,5,0,1,0,0,1,0,0,0,,0,0,0,,0,0,0,0,0,0,0,0,0
53,Calvin Booth\boothca01,C,32,SAC,7,0,7.9,0.7,1.4,0.5,0,0,,0.7,1.4,0.5,0.5,0.9,1.1,0.75,0.6,0.9,1.4,0,0.1,0.3,0.1,1.4,2.3
63,Bobby Brown\brownbo02,SG,24,SAC,47,1,14.4,2,5.3,0.381,0.7,2,0.33,1.3,3.3,0.412,0.443,0.6,0.7,0.765,0.2,0.6,0.8,1.9,0.3,0,1,1.6,5.2
110,Ike Diogu\dioguik01,PF,25,SAC,10,1,14.2,3.3,5.5,0.6,0.1,0.2,0.5,3.2,5.3,0.604,0.609,2.5,3.3,0.758,1.4,2.5,3.9,0.3,0.2,0.1,0.6,1.4,9.2
115,Quincy Douby\doubyqu01,PG,24,SAC,20,0,11.4,1.5,4.4,0.341,0.5,1.9,0.27,1,2.6,0.392,0.398,0.7,0.8,0.933,0.2,1.1,1.3,0.7,0.1,0.3,0.3,1.2,4.2
142,Francisco Garcia\garcifr01,SF,27,SAC,65,36,30.4,4.5,10.2,0.444,1.4,3.4,0.398,3.2,6.8,0.466,0.51,2.2,2.7,0.82,0.9,2.5,3.4,2.3,1.2,1,1.7,3,12.7
154,Drew Gooden\goodedr01,PF,27,SAC,1,0,26,5,9,0.556,0,0,,5,9,0.556,0.556,2,2,1,3,10,13,2,0,0,3,2,12
165,Donte Greene\greendo01,SF,20,SAC,55,4,13.2,1.4,4.3,0.326,0.5,1.8,0.26,0.9,2.5,0.375,0.381,0.5,0.6,0.853,0.3,1.2,1.6,0.5,0.3,0.3,0.7,1.2,3.8
175,Spencer Hawes\hawessp01,C,20,SAC,77,51,29.3,4.8,10.4,0.466,0.5,1.5,0.348,4.3,8.9,0.486,0.491,1.2,1.8,0.662,1.9,5.2,7.1,1.9,0.6,1.2,2.1,3.2,11.4
204,Bobby Jackson\jacksbo01,PG,35,SAC,71,10,20.9,2.7,6.8,0.398,0.8,2.8,0.305,1.9,4.1,0.462,0.46,1.2,1.4,0.851,0.6,2.2,2.8,2,0.9,0.1,0.9,1.4,7.5
261,Kevin Martin\martike02,SG,25,SAC,51,46,38.2,6.7,15.9,0.42,2.3,5.4,0.415,4.4,10.5,0.423,0.491,9,10.3,0.867,0.6,3,3.6,2.7,1.2,0.2,2.9,2.3,24.6
268,Rashad McCants\mccanra01,SG,24,SAC,24,1,19.4,3.6,8.2,0.444,1,2.9,0.357,2.6,5.3,0.492,0.508,2,2.5,0.783,0.4,1.5,2,1.5,0.8,0.3,0.8,1.7,10.3
280,Brad Miller\millebr01,C,32,SAC,43,43,31.5,4.3,9,0.474,0.5,1,0.465,3.8,8,0.475,0.5,2.9,3.6,0.801,1.9,6.1,8,3.4,0.7,0.6,1.9,3.1,11.9
287,Mikki Moore\mooremi01,PF,33,SAC,46,20,16.2,1.4,2.6,0.521,0,0,,1.4,2.6,0.521,0.521,0.7,0.9,0.81,1,2.3,3.3,0.6,0.3,0.3,0.6,2.4,3.5
301,Andres Nocioni\nocioan01,SF,29,SAC,23,16,31,4.9,11,0.448,2,4.4,0.441,3,6.5,0.453,0.538,2,2.6,0.763,0.9,5.2,6,1.8,0.6,0.7,1.7,3.7,13.7
355,John Salmons\salmojo01,SF,29,SAC,53,53,37.4,6.6,14,0.472,1.5,3.5,0.418,5.2,10.6,0.489,0.524,3.6,4.4,0.823,0.8,3.4,4.2,3.7,1.1,0.2,2.3,2.3,18.3
364,Cedric Simmons\simmoce01,PF,23,SAC,7,0,3.3,0,0.6,0,0,0,,0,0.6,0,0,0.1,0.3,0.5,0.1,0.4,0.6,0,0,0,0.3,0.3,0.1
373,Will Solomon\solomwi01,PG,30,SAC,14,0,12,1.9,4.6,0.406,0.9,2.1,0.448,0.9,2.5,0.371,0.508,0.4,0.7,0.5,0.2,1.3,1.5,0.7,0.5,0,0.4,0.8,5
388,Kenny Thomas\thomake01,PF,31,SAC,8,0,7.8,0.4,1,0.375,0,0,,0.4,1,0.375,0.375,0,0,,0.5,1.4,1.9,0.1,0.8,0.1,0.1,1.1,0.8
392,Jason Thompson\thompja02,PF,22,SAC,82,56,28.1,4.3,8.7,0.497,0,0.1,0,4.3,8.6,0.502,0.497,2.4,3.5,0.692,2.9,4.5,7.4,1.1,0.6,0.7,1.8,3.8,11.1
399,Beno Udrih\udrihbe01,PG,26,SAC,73,72,31.1,4.4,9.5,0.461,0.5,1.5,0.31,3.9,8,0.491,0.486,1.7,2.1,0.82,0.6,2.4,3,4.7,1.1,0.2,2.2,2.6,11
436,Shelden Williams\willish02,PF,25,SAC,30,0,10.2,1.3,3,0.449,0,0.1,0,1.3,2.9,0.46,0.449,1.1,1.4,0.762,0.8,1.8,2.6,0.3,0.4,0.3,0.9,1.2,3.7
$5 ,Blake Ahearn\ahearbl01,PG,$24 ,SAS,3,0,6.3,0.7,2,0.333,0.7,1.3,0.5,0,0.7,0,0.5,0.7,0.7,1,0,0.3,0.3,0.7,0.3,0,0.3,1,2.7
51,Matt Bonner\bonnema01,PF,28,SAS,81,67,23.8,3.3,6.6,0.496,1.5,3.3,0.44,1.8,3.3,0.552,0.606,0.2,0.3,0.739,1.2,3.6,4.8,1,0.6,0.3,0.5,2.3,8.2
56,Bruce Bowen\bowenbr01,SF,37,SAS,80,10,18.8,1,2.3,0.422,0.5,1.2,0.429,0.5,1.1,0.416,0.535,0.2,0.3,0.538,0.2,1.6,1.8,0.5,0.5,0.2,0.3,1.5,2.7
95,Austin Croshere\croshau01,PF,33,SAS,3,0,7.7,0.7,3,0.222,0,1.3,0,0.7,1.7,0.4,0.222,0,0.3,0,1.3,2,3.3,1,0,0,0.7,0.3,1.3
120,Tim Duncan\duncati01,C,32,SAS,75,75,33.7,7.4,14.8,0.504,0,0,0,7.4,14.7,0.505,0.504,4.5,6.4,0.692,2.7,8,10.7,3.5,0.5,1.7,2.2,2.3,19.3
129,Desmon Farmer\farmede01,SG,27,SAS,3,0,18,1.3,4.7,0.286,1,4,0.25,0.3,0.7,0.5,0.393,0.7,0.7,1,0,2,2,0.7,0,0,1.3,2,4.3
133,Michael Finley\finlemi01,SF,35,SAS,81,77,28.8,3.7,8.5,0.437,1.6,3.9,0.411,2.1,4.6,0.459,0.532,0.6,0.8,0.823,0.3,3,3.3,1.4,0.5,0.2,0.8,1,9.7
152,Manu Ginobili\ginobma01,SG,31,SAS,44,7,26.8,5.1,11.2,0.454,1.6,4.8,0.33,3.5,6.4,0.546,0.524,3.8,4.3,0.884,0.5,4,4.5,3.6,1.5,0.4,2,2,15.5
154,Drew Gooden\goodedr01,PF,27,SAS,19,1,16.8,3.7,7.6,0.49,0,0.1,0,3.7,7.6,0.493,0.49,2.4,3,0.789,1.5,2.9,4.4,0.2,0.2,0.2,0.8,2.1,9.8
167,Malik Hairston\hairsma01,SG,21,SAS,15,0,10.3,1.6,3.3,0.49,0,0.1,0,1.6,3.2,0.5,0.49,0.1,0.5,0.286,0.7,1.1,1.9,0.9,0.4,0.5,0.8,1.3,3.3
184,George Hill\hillge01,PG,22,SAS,77,7,16.5,1.9,4.8,0.403,0.3,0.9,0.329,1.6,3.9,0.421,0.435,1.5,1.9,0.781,0.4,1.7,2.1,1.8,0.6,0.3,1,1.9,5.7
263,Roger Mason\masonro01,SG,28,SAS,82,71,30.4,4.3,10,0.425,2,4.8,0.421,2.2,5.2,0.428,0.526,1.3,1.4,0.89,0.2,2.9,3.1,2.1,0.5,0.1,1.2,2,11.8
274,Pops Mensah-Bonsu\mensapo01,PF,25,SAS,3,0,6.7,1.7,2.3,0.714,0,0,,1.7,2.3,0.714,0.714,1.7,2.3,0.714,1.7,1.7,3.3,0,0.3,0.3,0.7,2,5
307,Fabricio Oberto\obertfa01,C,33,SAS,54,11,12.5,1.1,1.9,0.587,0,0,0,1.1,1.9,0.592,0.587,0.4,0.6,0.571,1.2,1.4,2.6,1.1,0.1,0.2,0.7,1.8,2.6
316,Tony Parker\parketo01,PG,26,SAS,72,71,34.1,8.9,17.5,0.506,0.3,0.9,0.292,8.6,16.6,0.518,0.513,3.9,5,0.782,0.4,2.7,3.1,6.9,0.9,0.1,2.6,1.5,22
389,Kurt Thomas\thomaku01,PF,36,SAS,79,10,17.8,1.9,3.8,0.503,0,0,0,1.9,3.8,0.507,0.503,0.5,0.6,0.822,1.7,3.4,5.1,0.8,0.4,0.7,0.5,2.2,4.3
394,Anthony Tolliver\tollian01,PF,23,SAS,19,0,10.9,1,3.4,0.292,0.5,2.2,0.22,0.5,1.3,0.417,0.362,0.3,0.5,0.5,0.6,1.5,2.2,0.9,0.3,0.1,0.4,0.8,2.7
398,Ime Udoka\udokaim01,SF,31,SAS,67,3,15.4,1.6,4.3,0.383,0.6,1.9,0.328,1,2.4,0.426,0.455,0.4,0.7,0.609,0.4,2.4,2.8,0.8,0.5,0.2,0.6,1.3,4.3
402,Jacque Vaughn\vaughja01,PG,33,SAS,30,0,9.7,0.8,2.5,0.32,0,0,1,0.8,2.5,0.311,0.327,0.5,0.6,0.889,0.1,0.6,0.7,1.8,0.2,0,0.5,0.9,2.2
431,Marcus Williams\willima04,PF,22,SAS,2,0,1.5,1,1,1,0,0,,1,1,1,1,0,0,,0,0,0,0,0,0,0,0.5,2
$2 ,Hassan Adams\adamsha01,SG,$24 ,TOR,12,0,4.3,0.3,1.1,0.308,0,0,,0.3,1.1,0.308,0.308,0.3,0.5,0.5,0.1,0.5,0.6,0.1,0.1,0.1,0.3,0.3,0.9
27,Marcus Banks\banksma01,PG,27,TOR,6,0,6.7,1,3,0.333,0.2,0.8,0.2,0.8,2.2,0.385,0.361,0.2,0.5,0.333,0.2,0.3,0.5,1,0.2,0,0.5,0.8,2.3
30,Andrea Bargnani\bargnan01,PF,23,TOR,78,59,31.4,5.5,12.3,0.45,1.5,3.7,0.409,4,8.6,0.468,0.512,2.8,3.4,0.831,0.9,4.4,5.3,1.2,0.4,1.2,1.7,3.1,15.4
55,Chris Bosh\boshch01,C,24,TOR,77,77,38,8,16.4,0.487,0.2,0.6,0.245,7.8,15.8,0.497,0.492,6.5,8,0.817,2.8,7.2,10,2.5,0.9,1,2.3,2.5,22.7
74,Jose Calderon\caldejo01,PG,27,TOR,68,68,34.3,4.7,9.5,0.497,1.2,3,0.406,3.5,6.5,0.538,0.561,2.2,2.3,0.981,0.2,2.6,2.9,8.9,1.1,0.1,2.1,1.7,12.8
115,Quincy Douby\doubyqu01,PG,24,TOR,7,0,10.4,1.7,3.1,0.545,0.6,1.3,0.444,1.1,1.9,0.615,0.636,0.4,0.6,0.75,0.4,0.6,1,1.7,0.4,0,1,0.6,4.4
158,Joey Graham\grahajo01,SF,26,TOR,78,10,19.8,3,6.2,0.481,0,0.2,0.188,2.9,5.9,0.491,0.484,1.7,2.1,0.825,1.2,2.5,3.7,0.6,0.4,0.2,0.9,2.4,7.7
195,Kris Humphries\humphkr01,SF,23,TOR,29,0,9.1,1.3,3.1,0.422,0,0,,1.3,3.1,0.422,0.422,1.3,1.7,0.792,0.8,1.6,2.4,0.3,0.3,0.2,0.3,1.1,3.9
212,Nathan Jawai\jawaina01,PF,22,TOR,6,0,3.2,0.2,0.7,0.25,0,0,,0.2,0.7,0.25,0.25,0,0,,0.2,0.2,0.3,0,0,0,0.3,0.5,0.3
231,Jason Kapono\kaponja01,SG,27,TOR,80,12,22.9,3.3,7.6,0.432,1.2,2.9,0.428,2,4.7,0.435,0.513,0.4,0.5,0.81,0.3,1.7,2,1.3,0.3,0,0.9,1.8,8.2
256,Shawn Marion\mariosh01,SF,30,TOR,27,27,35.3,6.2,12.7,0.488,0.1,0.5,0.154,6.1,12.2,0.502,0.491,1.9,2.3,0.806,2.7,5.6,8.3,2.3,1.1,0.8,1.8,1.5,14.3
274,Pops Mensah-Bonsu\mensapo01,PF,25,TOR,19,0,13.8,1.8,5.1,0.354,0,0.1,0,1.8,4.9,0.362,0.354,1.5,2.2,0.683,2.6,2.8,5.4,0.3,0.4,0.2,0.9,1.9,5.1
286,Jamario Moon\moonja01,SF,28,TOR,54,39,25.5,2.8,5.9,0.473,0.7,2,0.345,2.1,3.8,0.541,0.533,1,1.2,0.846,0.9,3.7,4.6,1.3,1.2,0.8,0.6,1.6,7.3
304,Patrick O'Bryant\obryapa01,C,22,TOR,13,3,11.3,2.2,4.1,0.547,0,0.2,0,2.2,3.9,0.569,0.547,0.2,0.6,0.375,0.5,2,2.5,0.2,0.2,0.8,0.4,2.5,4.7
305,Jermaine O'Neal\onealje01,C,30,TOR,41,34,29.7,5.4,11.3,0.473,0,0,0,5.4,11.3,0.474,0.473,2.8,3.5,0.81,1.7,5.3,7,1.6,0.4,2,2.2,3.2,13.5
315,Anthony Parker\parkean01,SG,33,TOR,80,71,33,4,9.4,0.426,1.2,3,0.39,2.8,6.4,0.442,0.488,1.5,1.8,0.834,0.6,3.4,4,3.4,1.3,0.2,1.4,1.8,10.7
373,Will Solomon\solomwi01,PG,30,TOR,39,9,13.9,2,4.6,0.436,0.4,1.5,0.263,1.6,3.2,0.516,0.478,0.5,0.6,0.833,0.2,0.9,1.1,3.2,0.5,0.1,1.3,1.5,4.9
400,Roko Ukic\ukicro01,PG,24,TOR,72,0,12.4,1.7,4.5,0.38,0.2,0.9,0.177,1.6,3.6,0.427,0.397,0.6,0.8,0.733,0.4,0.7,1,2.1,0.4,0,0.8,1.1,4.2
404,Jake Voskuhl\voskuja01,C,31,TOR,38,1,6.3,0.3,1.2,0.267,0,0,,0.3,1.2,0.267,0.267,0.3,0.4,0.786,0.6,1,1.6,0.2,0.1,0.1,0.4,1.6,0.9
1,Alex Acker\ackeral01,SG,$26 ,TOT,25,0,8,1.2,3,0.395,0.3,0.8,0.35,0.9,2.2,0.411,0.441,0.2,0.4,0.5,0.3,0.6,1,0.5,0.2,0.2,0.3,0.4,2.9
13,Rafer Alston\alstora01,PG,$32 ,TOT,77,76,31.8,4.1,10.6,0.385,1.5,4.3,0.338,2.6,6.4,0.417,0.454,2,2.7,0.75,0.4,2.5,2.9,5.3,1.4,0.1,1.8,1.8,11.7
23,Chucky Atkins\atkinch01,PG,34,TOT,33,0,12.5,1,3.4,0.301,0.5,1.7,0.263,0.6,1.7,0.339,0.367,0.5,0.5,0.938,0.2,0.6,0.7,1.8,0.3,0.1,0.7,0.8,3
27,Marcus Banks\banksma01,PG,27,TOT,22,0,9.4,1,2.6,0.368,0.1,0.9,0.158,0.8,1.7,0.474,0.395,0.5,0.8,0.611,0,0.8,0.8,1.3,0.5,0.1,0.6,1.2,2.5
42,Raja Bell\bellra01,SG,32,TOT,67,66,34.6,4.5,10.2,0.437,1.7,4,0.421,2.8,6.2,0.448,0.52,1.3,1.5,0.853,0.6,3,3.6,2.1,0.7,0.1,1.3,2.5,11.9
45,Chauncey Billups\billuch01,PG,32,TOT,79,79,35.3,5.2,12.4,0.418,2.1,5,0.408,3.1,7.4,0.425,0.501,5.3,5.8,0.913,0.4,2.6,3,6.4,1.2,0.2,2.2,2,17.7
49,Keith Bogans\boganke01,SG,28,TOT,65,15,19.6,1.8,5,0.367,1.1,3.4,0.339,0.7,1.6,0.425,0.481,0.8,0.9,0.912,0.5,2.6,3.1,1,0.7,0.1,0.6,1.6,5.6
53,Calvin Booth\boothca01,C,32,TOT,8,0,7,0.6,1.3,0.5,0,0,,0.6,1.3,0.5,0.5,0.8,1,0.75,0.6,0.8,1.4,0,0.1,0.3,0.1,1.3,2
63,Bobby Brown\brownbo02,SG-PG,24,TOT,68,2,13.7,2.1,5.3,0.392,0.7,1.9,0.346,1.4,3.4,0.417,0.454,0.5,0.6,0.791,0.2,0.6,0.8,1.7,0.3,0,0.9,1.4,5.3
64,Dee Brown\brownde03,PG,24,TOT,19,11,13.7,0.9,2.6,0.367,0.4,1.3,0.292,0.6,1.3,0.44,0.439,0.2,0.3,0.6,0.4,1.2,1.5,1.9,0.5,0,0.9,1.5,2.4
67,Shannon Brown\brownsh01,SG,23,TOT,48,0,9.9,1.6,3.4,0.473,0.3,0.8,0.378,1.3,2.7,0.5,0.515,0.7,0.8,0.821,0.2,0.7,0.9,0.8,0.5,0.1,0.8,0.9,4.2
78,Matt Carroll\carroma01,SG,28,TOT,55,10,11.2,1.2,3.1,0.38,0.2,1,0.245,0.9,2.1,0.441,0.418,0.4,0.5,0.84,0.1,1.1,1.3,0.5,0.4,0.1,0.6,1.2,3
87,Mardy Collins\collima01,PG-SG,24,TOT,48,14,18.5,2.2,5.1,0.425,0.3,0.6,0.419,1.9,4.5,0.426,0.451,0.6,1,0.609,0.6,1.6,2.2,2.3,0.6,0.2,1.2,1.7,5.2
90,Brian Cook\cookbr01,PF,28,TOT,30,0,5.7,0.9,2.5,0.368,0.4,1,0.433,0.5,1.5,0.326,0.454,0.2,0.2,0.833,0.2,0.8,1.1,0.2,0.1,0.1,0.4,0.9,2.5
92,Jamal Crawford\crawfja01,PG-SG,28,TOT,65,65,38.1,6.4,15.7,0.41,2.2,6.1,0.36,4.3,9.7,0.441,0.479,4.6,5.3,0.872,0.4,2.6,3,4.4,0.9,0.2,2.3,1.4,19.7
94,Javaris Crittenton\crittja01,PG-SG,21,TOT,63,10,18.6,2.1,4.5,0.46,0,0.2,0.133,2,4.3,0.478,0.463,0.8,1.5,0.576,0.9,1.7,2.6,2.4,0.6,0.1,1.3,1.6,5
95,Austin Croshere\croshau01,PF,33,TOT,14,0,7.1,1,2.8,0.359,0.4,1.1,0.333,0.6,1.7,0.375,0.423,0.5,0.9,0.583,0.8,1.6,2.4,0.6,0.1,0.1,0.4,0.4,2.9
99,Antonio Daniels\daniean01,PG,33,TOT,74,9,13.8,1.3,3.2,0.419,0.3,0.8,0.367,1,2.4,0.438,0.466,1.1,1.4,0.8,0.1,1,1,2.4,0.4,0,0.8,0.7,4.1
107,Boris Diaw\diawbo01,PF,26,TOT,81,59,34,5.5,10.9,0.507,0.9,2.2,0.414,4.6,8.7,0.531,0.549,1.2,1.8,0.687,1.5,3.9,5.3,4.1,0.8,0.7,2.7,2.5,13.2
110,Ike Diogu\dioguik01,PF,25,TOT,29,1,7.4,1.3,2.6,0.527,0,0.1,0.5,1.3,2.5,0.528,0.534,1.4,1.8,0.755,0.9,1,1.9,0.1,0.1,0.1,0.4,0.8,4.1
111,DeSagana Diop\diopde01,C,27,TOT,75,1,13.8,1,2.3,0.433,0,0,,1,2.3,0.433,0.433,0.3,0.9,0.333,1.5,2.1,3.6,0.4,0.4,0.7,0.5,1.7,2.3
115,Quincy Douby\doubyqu01,PG,24,TOT,27,0,11.1,1.6,4.1,0.382,0.5,1.7,0.304,1,2.4,0.438,0.445,0.6,0.7,0.895,0.2,1,1.2,0.9,0.2,0.2,0.5,1,4.3
118,Jared Dudley\dudleja01,SF,23,TOT,68,7,17,2,4.2,0.477,0.4,1.1,0.392,1.6,3.1,0.507,0.528,1,1.5,0.676,1.2,1.8,3,0.8,0.8,0.1,0.6,1.5,5.5
138,Adonal Foyle\foylead01,C,33,TOT,10,0,6.2,0.7,1.1,0.636,0,0,,0.7,1.1,0.636,0.636,0.3,0.6,0.5,0.9,1.7,2.6,0.1,0,0.8,0.3,0.5,1.7
154,Drew Gooden\goodedr01,PF,27,TOT,51,28,24.8,4.6,9.9,0.468,0,0.1,0,4.6,9.8,0.472,0.468,2.6,3.1,0.84,2.2,4.9,7.1,0.9,0.6,0.4,1.5,2.8,11.9
170,Al Harrington\harrial01,PF,28,TOT,73,56,34.9,7.3,16.6,0.439,2.3,6.4,0.364,4.9,10.2,0.487,0.509,3.2,4,0.793,1.4,4.9,6.2,1.4,1.2,0.3,2.2,3.1,20.1
172,Jason Hart\hartja01,PG,30,TOT,39,2,8.9,0.8,2.4,0.319,0,0.2,0,0.8,2.3,0.341,0.319,0.5,0.6,0.783,0.3,0.8,1.2,1.2,0.3,0.1,0.6,1,2
179,Luther Head\headlu01,PG-SG,26,TOT,32,4,15.6,1.7,4.5,0.382,0.6,1.7,0.37,1.1,2.8,0.389,0.451,0.6,0.8,0.792,0.2,1.4,1.6,1.8,0.5,0.1,0.8,1.2,4.7
188,Ryan Hollins\holliry01,C,24,TOT,45,3,9.9,1.1,2.1,0.532,0,0,,1.1,2.1,0.532,0.532,1,1.6,0.597,1,1.1,2.2,0.2,0.2,0.7,0.5,1.7,3.2
193,Juwan Howard\howarju01,SF-PF,35,TOT,42,2,11.2,1.8,3.5,0.51,0,0,,1.8,3.5,0.51,0.51,0.5,0.8,0.676,0.7,1.1,1.8,0.6,0.2,0.1,0.6,1.7,4.1
194,Larry Hughes\hughela01,SF-SG,30,TOT,55,20,26.9,4.1,10.1,0.402,1.4,3.5,0.389,2.7,6.6,0.409,0.469,2.1,2.6,0.807,0.3,2.6,2.9,2.2,1.3,0.3,1.3,1.7,11.6
201,Allen Iverson*\iversal01,PG-SG,33,TOT,57,53,36.7,6.1,14.6,0.417,0.5,1.7,0.283,5.6,12.9,0.435,0.434,4.8,6.1,0.781,0.5,2.5,3,5,1.5,0.1,2.6,1.5,17.5
209,Mike James\jamesmi01,PG,33,TOT,61,50,27,3.2,8.4,0.383,1.1,3,0.375,2.1,5.4,0.388,0.45,1.1,1.3,0.829,0.4,1.8,2.2,3.3,0.7,0.1,1.5,1.8,8.7
221,Linton Johnson\johnsli01,PF,28,TOT,10,0,5.5,0.4,1.1,0.364,0.1,0.2,0.5,0.3,0.9,0.333,0.409,0,0,,0.3,0.5,0.8,0.2,0.1,0,0.2,0.7,0.9
246,Shaun Livingston\livinsh01,PG,23,TOT,12,1,19.3,2.6,5,0.517,0,0,,2.6,5,0.517,0.517,0.8,0.8,0.9,0.3,2.1,2.3,1.7,0.6,0.2,0.8,1,5.9
250,Kyle Lowry\lowryky01,PG,22,TOT,77,21,21.8,2.5,5.6,0.435,0.3,1.3,0.255,2.1,4.4,0.488,0.464,2.4,2.9,0.801,0.3,2.1,2.5,3.6,0.9,0.2,1.5,1.9,7.6
251,Tyronn Lue\luety01,PG,31,TOT,44,0,11.8,1.6,3.7,0.438,0.6,1.4,0.435,1,2.3,0.44,0.522,0.3,0.4,0.737,0.1,0.9,1,1.4,0.2,0,0.5,1.2,4.2
256,Shawn Marion\mariosh01,SF,30,TOT,69,68,35.8,5.5,11.4,0.485,0.1,0.8,0.189,5.4,10.7,0.506,0.491,1.7,2.1,0.796,2.6,5.9,8.5,2,1.3,1,1.5,1.9,12.9
268,Rashad McCants\mccanra01,SG,24,TOT,58,3,19,3.3,8.4,0.393,1.1,3.3,0.333,2.2,5.2,0.431,0.458,1.8,2.4,0.759,0.4,1.5,1.9,1.2,0.8,0.2,1.1,1.8,9.6
274,Pops Mensah-Bonsu\mensapo01,PF,25,TOT,22,0,12.9,1.8,4.7,0.379,0,0.1,0,1.8,4.6,0.386,0.379,1.5,2.2,0.688,2.5,2.6,5.1,0.3,0.4,0.2,0.9,2,5
280,Brad Miller\millebr01,C,32,TOT,70,43,30,4.2,8.8,0.476,0.3,0.8,0.411,3.8,8,0.482,0.494,3.2,3.9,0.824,2.1,5.6,7.8,3.3,0.7,0.5,1.9,3.2,11.9
286,Jamario Moon\moonja01,SF,28,TOT,80,60,25.9,2.8,5.9,0.468,0.8,2.3,0.355,2,3.6,0.54,0.537,0.9,1,0.85,0.7,3.8,4.6,1.2,1.1,0.8,0.5,1.7,7.2
287,Mikki Moore\mooremi01,PF-C,33,TOT,70,20,17.2,1.6,2.9,0.553,0,0,,1.6,2.9,0.553,0.553,0.7,0.9,0.787,1.1,2.6,3.7,0.8,0.2,0.3,0.7,3,3.9
289,Adam Morrison\morriad01,SF,24,TOT,52,5,13.7,1.5,4.3,0.359,0.6,1.8,0.333,0.9,2.4,0.378,0.43,0.3,0.4,0.739,0.3,1.2,1.5,0.8,0.2,0.1,0.6,1.5,4
299,Demetris Nichols\nichode01,SF,24,TOT,4,0,3.5,0.8,2.3,0.333,0,0.5,0,0.8,1.8,0.429,0.333,0.3,0.5,0.5,0,0.5,0.5,0.3,0,0.3,0,0.3,1.8
301,Andres Nocioni\nocioan01,PF-SF,29,TOT,76,18,26.2,3.9,9.2,0.427,1.6,4.1,0.399,2.3,5.1,0.449,0.515,1.9,2.4,0.792,0.7,4,4.8,1.3,0.5,0.4,1.5,3.4,11.4
304,Patrick O'Bryant\obryapa01,C,22,TOT,39,3,6.5,1.2,2.2,0.536,0,0.1,0,1.2,2.1,0.549,0.536,0.3,0.5,0.55,0.3,1.4,1.7,0.3,0.2,0.5,0.6,1.6,2.6
305,Jermaine O'Neal\onealje01,C,30,TOT,68,61,29.8,5.4,11.3,0.474,0,0,0,5.4,11.3,0.475,0.474,2.6,3.3,0.788,1.9,4.5,6.4,1.8,0.4,2,2.1,3.1,13.3
322,Johan Petro\petrojo01,C,23,TOT,49,22,11.4,1.5,3.6,0.415,0,0,0,1.5,3.6,0.42,0.415,0.3,0.6,0.552,0.9,2.4,3.2,0.3,0.4,0.3,0.6,2.2,3.3
333,Vladimir Radmanovic\radmavl01,SF,28,TOT,78,31,18.5,2.5,6,0.421,1.3,3.4,0.401,1.2,2.6,0.446,0.533,0.6,0.7,0.741,0.6,2.3,2.8,1,0.6,0.2,1.3,1.4,6.9
336,Zach Randolph\randoza01,PF-C,27,TOT,50,45,35.1,8.3,17.5,0.475,0.6,1.9,0.33,7.7,15.5,0.494,0.494,3.6,4.9,0.734,3.1,6.9,10.1,2.1,0.9,0.3,2.3,2.7,20.8
340,Jason Richardson\richaja01,SG,28,TOT,72,71,33.5,6.5,13.5,0.477,1.8,4.5,0.397,4.7,9,0.518,0.544,2.1,2.8,0.769,1.1,3.4,4.4,2,1.1,0.4,1.3,2,16.8
344,Anthony Roberson\roberan02,PG,25,TOT,29,0,9.5,1.5,4.1,0.367,0.9,2.8,0.321,0.6,1.3,0.462,0.475,0.2,0.2,1,0.2,0.6,0.8,0.7,0.3,0,0.3,0.6,4.1
349,Malik Rose\rosema01,SF-PF,34,TOT,38,0,12.4,1.2,3.4,0.344,0,0.2,0,1.2,3.3,0.363,0.344,1.1,1.3,0.784,0.4,2.1,2.5,0.9,0.3,0.1,0.9,1.9,3.4
355,John Salmons\salmojo01,SF,29,TOT,79,74,37.5,6.5,13.8,0.472,1.6,3.8,0.417,4.9,10,0.493,0.53,3.6,4.4,0.83,0.7,3.5,4.2,3.2,1.1,0.3,2.1,2.3,18.3
356,Cheikh Samb\sambch01,C,24,TOT,18,0,4.6,0.3,1.8,0.188,0,0.2,0,0.3,1.6,0.207,0.188,0.2,0.4,0.429,0.6,0.8,1.3,0.1,0.2,0.6,0.2,0.4,0.8
359,Thabo Sefolosha\sefolth01,SF-SG,24,TOT,66,36,22,2.3,5.4,0.426,0.4,1.3,0.276,1.9,4.1,0.474,0.459,0.9,1.1,0.836,0.8,2.8,3.7,1.7,1.1,0.7,1,1.6,5.9
360,Mouhamed Sene\senesa01,C,22,TOT,6,0,4.8,1,1.5,0.667,0,0,,1,1.5,0.667,0.667,1.3,1.7,0.8,0.8,1.5,2.3,0,0.2,0.5,0.7,0.3,3.3
364,Cedric Simmons\simmoce01,PF,23,TOT,18,0,4.7,0.6,1.4,0.44,0,0,,0.6,1.4,0.44,0.44,0.4,0.9,0.438,0.3,0.6,0.9,0.1,0.1,0.2,0.1,0.4,1.6
365,Courtney Sims\simsco01,C,25,TOT,2,0,6.5,1.5,3,0.5,0,0,,1.5,3,0.5,0.5,0,0,,1,1,2,0,0,0,0.5,0.5,3
366,Sean Singletary\singlse01,PG,23,TOT,37,2,8.2,0.8,2.3,0.365,0.3,0.7,0.4,0.6,1.6,0.35,0.424,0.5,0.6,0.857,0.3,0.7,0.9,0.8,0.3,0,0.6,1.2,2.4
371,Joe Smith\smithjo02,C,33,TOT,57,3,19.3,2.7,5.8,0.468,0.1,0.1,0.429,2.7,5.7,0.469,0.473,1,1.4,0.72,1.6,3.1,4.6,0.7,0.3,0.7,0.4,2.1,6.6
373,Will Solomon\solomwi01,PG,30,TOT,53,9,13.4,2,4.6,0.429,0.5,1.6,0.326,1.5,3,0.484,0.486,0.5,0.6,0.735,0.2,1,1.2,2.5,0.5,0.1,1,1.3,5
382,Stromile Swift\swiftst01,PF,29,TOT,19,0,9.7,1.3,2.9,0.429,0.1,0.1,1,1.2,2.9,0.418,0.438,0.7,1.4,0.5,0.8,1.6,2.4,0.2,0.2,0.4,0.8,2.1,3.3
390,Tim Thomas\thomati01,PF,31,TOT,64,6,19.5,3,6.8,0.432,1.2,3,0.413,1.7,3.9,0.446,0.521,1.4,1.9,0.736,0.7,2.5,3.1,1.1,0.5,0.2,1.1,2.3,8.5
425,Chris Wilcox\wilcoch01,C,26,TOT,62,6,16.9,3,6,0.497,0,0.1,0,3,5.9,0.503,0.497,1.3,2.3,0.564,1.5,2.9,4.5,0.8,0.4,0.3,1.2,2.2,7.2
436,Shelden Williams\willish02,PF,25,TOT,45,0,11.4,1.6,3.5,0.446,0,0,0,1.6,3.4,0.452,0.446,1,1.4,0.73,1.1,2.3,3.4,0.3,0.5,0.4,0.8,1.4,4.1
$12 ,Morris Almond\almonmo01,SG,$23 ,UTA,25,1,10.2,1.3,3.2,0.407,0.2,0.7,0.294,1.1,2.6,0.438,0.438,0.8,1,0.808,0.4,1.1,1.4,0.3,0.2,0.2,0.6,1.2,3.7
54,Carlos Boozer\boozeca01,PF,27,UTA,37,37,32.4,6.8,13.8,0.49,0,0,,6.8,13.8,0.49,0.49,2.6,3.8,0.698,3,7.4,10.4,2.1,1.1,0.2,2.1,3.6,16.2
60,Ronnie Brewer\brewero02,SF,23,UTA,81,80,32.2,5.2,10.2,0.508,0.3,1,0.259,4.9,9.2,0.537,0.522,3,4.3,0.702,1.2,2.5,3.7,2.2,1.7,0.4,1.4,1.6,13.7
85,Jarron Collins\collija03,C,30,UTA,26,3,7.7,0.6,1.3,0.457,0,0,,0.6,1.3,0.457,0.457,0.3,0.4,0.727,0.8,0.7,1.4,0.3,0.1,0,0.3,1.3,1.5
132,Kyrylo Fesenko\fesenky01,C,22,UTA,21,1,7.4,1,1.7,0.583,0,0,,1,1.7,0.583,0.583,0.3,1,0.333,0.7,1.1,1.8,0.2,0.3,0.7,0.4,1.7,2.3
169,Matt Harpring\harprma01,SG,32,UTA,63,2,11,1.8,3.8,0.461,0,0,0,1.8,3.8,0.464,0.461,0.9,1.1,0.764,0.7,1.2,2,0.4,0.5,0.1,0.5,1.6,4.4
234,Andrei Kirilenko\kirilan01,PF,27,UTA,67,10,27.3,3.8,8.5,0.449,0.3,1.1,0.274,3.5,7.4,0.475,0.467,3.6,4.6,0.785,1.3,3.5,4.8,2.6,1.2,1.1,1.8,1.9,11.6
236,Brevin Knight\knighbr01,PG,33,UTA,74,0,12.7,0.9,2.6,0.349,0,0.1,0,0.9,2.5,0.361,0.349,0.6,0.9,0.75,0.2,1,1.2,2.6,0.9,0.1,0.9,1.3,2.4
237,Kyle Korver\korveky01,SF,27,UTA,78,2,24,3.1,7.2,0.438,1.3,3.4,0.386,1.8,3.8,0.485,0.529,1.4,1.6,0.882,0.4,2.9,3.3,1.8,0.6,0.4,1.2,2.2,9
238,Kosta Koufos\koufoko01,C,19,UTA,48,7,11.8,2,3.9,0.508,0,0,,2,3.9,0.508,0.508,0.8,1.1,0.706,1,1.8,2.9,0.4,0.3,0.6,0.5,1.5,4.7
276,C.J. Miles\milescj01,SG,21,UTA,72,72,22.5,3.6,7.8,0.459,0.9,2.5,0.352,2.7,5.3,0.509,0.515,1.1,1.2,0.876,0.6,1.7,2.3,1.5,0.6,0.2,0.9,2.6,9.1
282,Paul Millsap\millspa01,PF,23,UTA,76,38,30.1,5.3,9.9,0.534,0,0.1,0,5.3,9.8,0.537,0.534,3,4.3,0.699,3.3,5.3,8.6,1.8,1,1,1.7,3.8,13.5
311,Mehmet Okur\okurme01,C,29,UTA,72,72,33.5,6,12.3,0.485,1.3,2.8,0.446,4.7,9.5,0.497,0.536,3.8,4.6,0.817,1.7,6,7.7,1.7,0.8,0.7,1.8,3,17
328,Ronnie Price\pricero01,PG,25,UTA,52,17,14.2,1.5,3.9,0.379,0.4,1.2,0.311,1.1,2.7,0.408,0.426,0.7,0.9,0.756,0.2,1.1,1.3,2.1,0.8,0.1,1.2,1.4,4
427,Deron Williams\willide01,PG,24,UTA,68,68,36.8,6.8,14.5,0.471,1,3.3,0.31,5.8,11.1,0.518,0.506,4.8,5.6,0.849,0.4,2.5,2.9,10.7,1.1,0.3,3.4,2,19.4
$19 ,Gilbert Arenas\arenagi01,PG,$27 ,WAS,2,2,31.5,3,11.5,0.261,1,3.5,0.286,2,8,0.25,0.304,6,8,0.75,0.5,4,4.5,10,0,0.5,0.5,2,13
47,Andray Blatche\blatcan01,C,22,WAS,71,36,24,4.2,8.9,0.471,0.1,0.3,0.238,4.1,8.6,0.479,0.475,1.6,2.3,0.704,1.8,3.5,5.3,1.7,0.7,1,1.6,3,10
64,Dee Brown\brownde03,PG,24,WAS,17,11,13.7,1,2.6,0.386,0.4,1.2,0.3,0.6,1.4,0.458,0.455,0.1,0.2,0.333,0.4,1.2,1.6,1.9,0.6,0,0.8,1.3,2.4
70,Caron Butler\butleca01,SG,28,WAS,67,67,38.6,7.3,16.2,0.453,1,3.1,0.31,6.4,13.1,0.487,0.482,5.1,6,0.858,1.8,4.4,6.2,4.3,1.6,0.3,3.1,2.5,20.8
94,Javaris Crittenton\crittja01,PG,21,WAS,56,10,20.2,2.2,4.8,0.459,0,0.3,0.143,2.2,4.6,0.477,0.463,0.9,1.4,0.593,0.9,1.9,2.9,2.6,0.7,0.1,1.4,1.7,5.3
99,Antonio Daniels\daniean01,PG,33,WAS,13,5,22.2,1.4,3.5,0.4,0.4,0.8,0.455,1,2.6,0.382,0.456,1.9,2.5,0.758,0,1.7,1.7,3.6,0.5,0,1,1.1,5.1
112,Juan Dixon\dixonju01,PG,30,WAS,50,6,16.3,2,5.1,0.395,0.5,1.5,0.333,1.5,3.6,0.42,0.443,0.7,0.8,0.872,0.2,1.2,1.3,2.4,0.7,0.1,1.4,1.5,5.2
178,Brendan Haywood\haywobr01,C,29,WAS,6,5,29.2,4,8.3,0.48,0,0,,4,8.3,0.48,0.48,1.7,3.5,0.476,2.2,5.2,7.3,1.3,0.7,2.5,1.5,2.3,9.7
209,Mike James\jamesmi01,PG,33,WAS,53,50,29.7,3.6,9.2,0.387,1.2,3.4,0.367,2.3,5.8,0.398,0.454,1.3,1.5,0.838,0.5,1.9,2.4,3.6,0.8,0.1,1.7,1.9,9.6
210,Antawn Jamison\jamisan01,PF,32,WAS,81,81,38.2,8.3,17.8,0.468,1.4,3.9,0.351,6.9,13.9,0.501,0.507,4.2,5.6,0.754,2.4,6.5,8.9,1.9,1.2,0.3,1.5,2.7,22.2
270,JaVale McGee\mcgeeja01,C,21,WAS,75,14,15.2,2.5,5.2,0.494,0,0,,2.5,5.2,0.494,0.494,1.4,2.2,0.66,1.6,2.3,3.9,0.3,0.4,1,0.8,2.1,6.5
272,Dominic McGuire\mcguido01,SF,23,WAS,79,57,26.2,1.8,4.1,0.432,0,0.1,0.5,1.7,4.1,0.431,0.435,0.9,1.3,0.725,1.4,4,5.4,2.5,0.8,0.9,1.2,1.9,4.5
319,Oleksiy Pecherov\pecheol01,C,23,WAS,32,0,8.7,1.2,3.2,0.386,0.4,1.3,0.326,0.8,1.8,0.431,0.455,0.8,0.9,0.828,1.1,1.3,2.4,0.1,0.2,0.1,0.3,1.1,3.6
374,Darius Songaila\songada01,C,30,WAS,77,29,19.8,3.2,5.9,0.532,0,0,0,3.2,5.9,0.533,0.532,1,1.2,0.889,1,2,2.9,1.2,0.8,0.3,1,2.6,7.4
377,DeShawn Stevenson\stevede01,SG,27,WAS,32,25,27.7,2.3,7.2,0.312,1.1,4,0.271,1.2,3.2,0.363,0.387,1,1.9,0.533,0.3,2,2.4,3.1,0.7,0.1,1,1.3,6.6
387,Etan Thomas\thomaet01,C,30,WAS,26,7,11.8,1.2,2.5,0.485,0,0,,1.2,2.5,0.485,0.485,0.6,0.9,0.696,1,1.6,2.5,0.2,0.1,0.7,0.7,1.3,3.1
443,Nick Young\youngni01,SG,23,WAS,82,5,22.4,4.1,9.2,0.444,0.7,2,0.341,3.4,7.2,0.473,0.481,2,2.4,0.85,0.4,1.5,1.8,1.2,0.5,0.2,1.1,1.7,10.9